Mutation,Annotation,PROVEAN,DEOGEN2,SNPMuSiCsss,PoPMuSiC,ddWst,ddWstt,ddWsst,ddWsa,ddWsaa,ddWssa,ddWsta,ddWsd,ddWsds,ddWsad,ddWsadsa,ddWstd,ddWstdst,Access,DeltaV,EvolCI,EvolLOR,EarlyF,PFAM,Saposin,Linker,Catalytic,Disulfide,Metal,Carbohyd,Aromatic,Polarity,Charge
C89H,B,-7.79,0.88,-0.04,1.07,-0.24,0.15,-0.7,-0.06,0.55,-0.29,0.69,2.02,2.13,-0.26,0.47,-0.19,0.04,26.51,59.34,0.47,6.0,0.69,0.0,1,0,0,0.0,39.29,9.12,0,1,1
C92W,B,-8.68,0.88,0.17,1.44,-0.5,0.66,0.59,-0.26,0.1,0.2,-0.79,-0.01,1.19,-0.75,1.1,-0.14,0.02,7.02,129.98,0.47,5.99,-0.05,0.0,1,0,0,0.0,35.64,13.81,1,1,0
L103P,A,-2.84,0.76,0.16,2.2,1.14,-0.61,-1.83,-0.57,0.18,-0.13,2.68,3.84,1.11,-0.7,-0.15,-0.25,0.4,16.38,-38.97,0.11,3.3,-0.22,0.0,1,0,0,15.25,26.89,20.05,0,0,0
V130A,B,-3.58,0.8,0.1,1.61,-1.18,1.55,0.66,0.15,-0.36,-0.9,0.5,-0.13,0.55,-0.42,-0.72,0.64,-0.07,4.28,-52.26,0.41,3.41,-0.89,0.0,1,0,0,6.08,17.04,25.02,0,0,0
L137P,B,-4.17,0.78,0.16,2.16,2.48,-1.06,-0.61,-0.31,0.06,0.25,-0.24,3.22,-0.9,-1.35,0.13,-0.27,-0.35,25.68,-38.97,0.2,2.88,0.65,0.0,1,0,0,12.81,14.77,14.28,0,0,0
C157R,B,-11.57,0.88,0.26,2.55,-0.65,0.84,1.19,1.12,0.38,0.31,0.52,2.26,2.2,-1.24,0.93,0.92,0.43,0.0,66.73,0.55,5.38,-0.38,0.0,1,0,0,0.0,33.72,14.89,0,1,1
L161P,B,-5.01,0.8,-0.11,2.26,1.56,0.09,0.91,-0.47,0.45,-0.35,2.53,1.33,-0.74,-1.03,0.31,-0.62,0.43,32.9,-38.97,0.21,3.19,-0.8,0.0,1,0,0,4.76,37.27,11.73,0,0,0
G166R,D,-5.14,0.84,0.13,0.85,-0.64,0.47,0.22,0.11,0.0,0.09,0.21,0.32,0.58,-0.67,0.65,0.62,0.18,12.83,103.44,0.2,3.81,-2.34,0.0,1,0,0,4.67,33.44,15.31,0,1,1
I176N,B,-5.36,0.78,0.11,2.75,0.65,0.59,0.98,-0.26,1.21,0.34,-0.64,1.47,0.25,-1.29,0.27,0.07,-0.11,7.99,-26.62,0.3,2.3,-1.52,0.0,0,1,0,12.85,21.93,6.99,0,1,0
P184L,D,-9.09,0.79,-0.17,0.32,2.27,-1.93,-1.51,0.54,-0.44,-0.37,-0.46,-0.38,1.22,0.49,-0.32,0.05,0.13,28.66,38.97,0.25,2.36,-2.82,0.0,0,1,0,25.28,30.91,21.36,0,0,0
A196P,B,-3.23,0.64,0.03,2.49,-1.01,2.13,3.63,-0.32,0.39,0.92,1.32,2.06,-0.78,-0.04,0.11,0.58,0.5,19.2,40.99,0.16,0.42,-3.92,0.0,0,1,0,34.18,31.73,10.83,0,0,0
R200C,B,-6.1,0.88,0.17,0.69,-0.86,0.75,-0.58,0.37,0.83,-0.25,0.63,-2.19,-0.15,0.35,-0.23,0.12,0.06,21.33,-66.73,0.39,5.7,-1.62,0.0,0,0,1,30.32,21.89,14.02,0,1,1
W209R,A,-7.44,0.87,0.22,2.94,-0.01,0.3,0.48,0.41,-0.32,0.2,-0.41,2.21,1.5,-1.49,-0.34,0.05,0.46,7.91,-63.26,0.26,3.71,-1.4,1.22,0,0,1,13.98,10.69,23.22,1,1,1
L214R,U,-0.6,0.46,-0.51,0.17,-0.23,-0.11,-0.16,-0.68,0.1,-0.65,-0.24,2.26,-2.51,-0.9,-0.09,-0.57,-0.72,41.2,1.25,0.19,0.48,-0.61,1.22,0,0,1,8.86,18.47,23.08,0,1,1
L225M,B,-1.8,0.66,-0.11,1.03,-0.05,0.02,0.04,0.01,0.03,-0.04,-0.04,1.24,-1.0,-0.0,0.32,-0.27,-0.56,0.0,-6.14,0.28,0.67,-0.47,1.22,0,0,1,5.99,8.74,21.64,0,0,0
L225P,B,-6.36,0.81,0.25,4.03,2.98,1.0,0.57,0.75,-0.13,0.59,-0.56,1.54,-2.28,-1.73,-0.32,-0.75,-0.94,0.0,-38.97,0.28,2.11,-0.47,1.22,0,0,1,5.99,8.74,21.64,0,0,0
C226R,A,-11.01,0.91,0.25,1.59,0.54,-1.11,-0.41,0.99,-0.09,0.06,0.23,3.16,-0.82,-1.15,-0.5,-0.07,-0.15,0.0,66.73,0.77,5.52,0.23,1.22,0,0,1,0.0,14.47,21.34,0,1,1
R228C,D,-6.62,0.91,0.26,1.65,-0.51,0.32,0.34,-1.12,-0.38,0.52,-0.51,-2.57,2.81,1.18,0.06,-0.05,-0.46,2.16,-66.73,0.52,4.36,-1.18,1.22,0,0,1,7.51,12.29,24.0,0,1,1
R228H,D,-4.38,0.8,0.09,0.88,-0.13,0.29,-0.28,-0.49,-0.03,0.13,-0.61,-0.6,1.57,0.23,-0.07,-0.04,-0.83,2.16,-7.39,0.52,1.62,-1.18,1.22,0,0,1,7.51,12.29,24.0,0,0,0
G232D,B,-4.14,0.77,0.16,2.37,2.78,-0.02,-0.47,-0.2,0.23,0.17,0.46,0.75,1.1,-0.34,0.11,0.08,-0.2,44.18,63.22,0.3,1.37,-3.02,1.22,0,0,1,6.59,21.48,26.33,0,1,1
A241V,D,-3.67,0.89,0.17,0.47,-0.22,0.39,0.35,-0.22,-0.07,0.09,0.33,-1.12,0.53,0.56,-0.77,0.68,-0.25,3.42,52.26,0.66,4.03,-3.66,1.22,0,0,1,3.36,16.28,16.4,0,0,0
G242R,B,-7.11,0.88,0.2,1.54,-0.33,0.48,0.18,-0.19,-0.21,0.31,0.62,4.59,0.04,-0.49,0.04,-0.77,0.1,14.24,103.44,0.71,3.66,-3.39,1.22,0,0,1,7.27,18.05,12.89,0,1,1
W244C,B,-11.63,0.88,0.22,2.87,0.14,0.58,0.52,0.31,0.08,-0.09,0.07,-1.58,0.85,0.83,0.49,-0.7,0.11,13.75,-129.98,0.55,3.6,-1.34,1.22,0,0,1,13.18,18.1,12.38,1,1,0
G245D,A,-6.42,0.92,0.26,3.36,2.89,0.1,0.31,0.54,0.23,-0.11,0.12,2.46,1.22,-1.58,-0.78,1.02,-0.68,0.0,63.22,0.77,6.8,-1.62,1.22,0,0,1,6.5,13.22,11.91,0,1,1
G245S,A,-5.5,0.91,0.2,2.8,2.6,0.48,0.45,0.05,0.1,-0.09,0.35,1.4,1.31,-0.1,-0.93,0.74,-0.6,0.0,29.17,0.77,4.16,-1.62,1.22,0,0,1,6.5,13.22,11.91,0,1,0
E246K,A,-2.16,0.71,-0.18,0.58,-0.42,0.35,0.45,-0.14,-0.07,0.28,0.81,0.3,-0.18,0.06,-1.26,0.17,-0.0,19.77,12.08,0.39,1.22,-2.42,1.22,0,0,1,5.78,16.18,12.33,0,1,1
E246Q,B,-1.49,0.66,0.07,0.0,-0.14,0.29,0.21,-0.16,-0.02,0.27,0.18,-1.13,-0.4,1.55,-0.51,0.49,0.26,19.77,0.0,0.39,0.95,-2.42,1.22,0,0,1,5.78,16.18,12.33,0,1,1
S248R,A,1.36,0.44,0.01,0.66,0.13,-1.06,-0.29,-0.02,-0.08,0.06,-0.46,2.05,-0.73,-0.85,0.68,-0.07,-0.17,13.09,74.27,0.22,0.31,-1.08,1.22,0,0,1,4.57,13.47,16.08,0,1,1
D251E,D,-3.67,0.9,0.05,1.05,0.29,-1.25,-0.54,0.23,-0.08,0.04,-0.05,0.56,0.56,-0.6,0.16,-1.14,0.57,0.0,26.89,0.78,4.33,-1.56,1.22,0,0,1,6.93,4.79,18.97,0,0,0
D251H,A,-6.42,0.92,0.26,-0.55,-0.36,-0.44,0.48,-0.69,0.15,0.09,-0.49,-3.31,1.09,2.14,0.88,0.45,0.43,0.0,32.84,0.78,5.2,-1.56,1.22,0,0,1,6.93,4.79,18.97,0,1,1
P253S,A,-7.34,0.85,0.09,1.72,0.68,-0.61,0.15,-0.39,0.35,-0.23,0.42,-0.1,1.06,-0.18,0.03,0.15,0.07,3.8,-34.05,0.75,2.89,-0.92,1.22,0,0,1,8.47,12.46,16.16,0,1,0
T256I,B,-4.62,0.88,0.21,0.79,-0.49,0.16,0.83,-0.42,-0.02,-0.14,-0.03,-0.33,0.83,0.87,0.49,0.72,0.64,0.0,31.63,0.47,3.68,-0.56,1.22,0,0,1,11.43,12.84,12.99,0,1,0
D278A,D,-7.46,0.92,0.26,1.27,0.5,0.28,-0.41,-0.97,0.69,-0.37,-0.3,-2.63,4.07,2.44,2.43,0.0,0.0,1.07,-40.99,0.81,6.98,-2.44,1.22,0,0,1,13.81,0.0,23.19,0,1,1
P280F,B,-10.26,0.84,0.25,0.03,0.32,-1.07,0.72,-0.97,0.77,-0.51,1.39,-2.08,0.43,0.98,-1.25,0.57,-0.11,3.33,72.68,0.34,3.02,-1.88,1.22,0,0,1,15.63,6.97,18.91,1,1,0
A281T,B,-2.06,0.71,0.1,0.7,0.27,-0.37,0.45,0.33,-0.35,-0.42,-0.79,-0.46,-1.37,-0.24,0.28,0.53,0.19,1.26,40.99,0.37,1.64,-2.02,1.22,0,0,1,9.35,5.93,22.33,0,1,0
R289H,U,-3.94,0.76,-0.27,0.79,0.27,-0.33,-0.44,0.08,-0.06,-0.09,0.42,0.73,0.91,-0.12,0.34,-0.29,-0.18,29.37,-7.39,0.25,1.23,-1.31,1.22,0,0,1,22.35,16.75,6.08,0,0,0
Q292K,D,-2.0,0.68,0.15,1.24,0.27,-0.15,0.0,0.53,0.31,0.2,0.29,1.31,0.27,-0.55,-0.77,-0.13,0.11,3.3,12.08,0.34,0.98,-0.63,1.22,0,0,1,18.1,10.58,15.02,0,1,1
R294Q,N,0.04,0.42,-0.25,0.37,-0.19,0.19,0.13,0.11,-0.07,-0.09,-0.67,0.54,-0.19,-0.21,-0.27,0.34,-0.07,30.25,-13.33,0.16,-0.47,-0.64,1.22,0,0,1,17.61,14.53,19.73,0,1,1
L302P,A,-4.39,0.88,0.25,3.93,2.48,-1.06,1.14,0.46,-0.33,-0.12,-0.27,4.47,1.54,-0.83,0.78,-0.1,0.54,10.52,-38.97,0.32,3.7,0.68,1.22,0,0,1,19.63,15.25,22.37,0,0,0
V312M,B,-2.32,0.83,0.04,1.19,0.83,-0.68,-0.06,0.18,0.09,-0.18,0.11,0.4,0.58,-0.04,-0.5,-0.58,-0.11,1.31,21.57,0.55,3.09,-0.45,1.22,0,0,1,22.98,15.32,17.83,0,0,0
Y313H,A,-4.46,0.83,0.2,2.52,0.22,-0.07,0.56,0.24,-0.16,0.44,0.14,1.28,1.2,-0.02,2.3,0.13,-0.1,5.76,-47.22,0.55,2.49,-0.42,1.22,0,0,1,21.34,16.79,13.0,1,1,1
G317R,A,-7.99,0.91,0.23,1.78,-0.06,0.37,1.06,0.42,0.53,0.16,1.31,3.38,-0.39,-0.19,-1.22,-0.39,-0.26,0.0,103.44,0.85,7.01,-2.8,1.22,0,0,1,11.25,3.6,21.04,0,1,1
N318D,D,-5.0,0.9,0.12,1.36,-0.15,0.13,0.12,0.23,-0.02,-0.27,0.07,1.31,0.73,-0.86,-0.48,-0.23,0.19,4.29,-5.01,0.81,4.4,-3.04,1.22,0,0,1,10.53,0.0,20.85,0,1,1
H319Y,A,-5.99,0.91,0.13,1.09,0.37,-0.05,-0.11,-0.12,0.3,-0.15,-0.07,-1.3,1.57,0.15,1.22,0.33,-0.0,7.3,47.22,0.79,4.97,-2.88,1.22,0,0,1,14.31,4.58,21.26,1,1,1
T322I,N,-1.75,0.66,0.1,0.55,0.11,0.3,-0.21,-0.15,0.73,0.13,-0.16,-0.86,0.24,1.18,0.77,0.4,-0.35,7.81,31.63,0.26,1.0,-1.04,1.22,0,0,1,17.88,12.35,11.8,0,1,0
T322P,U,-2.64,0.74,0.12,1.91,1.98,0.03,0.04,0.4,0.01,0.11,-0.78,0.55,0.06,-0.25,-0.52,0.22,-0.32,7.81,0.0,0.26,1.74,-1.04,1.22,0,0,1,17.88,12.35,11.8,0,1,0
P323A,B,-7.99,0.92,0.21,2.61,3.13,-0.74,-0.37,-0.39,0.19,-0.34,0.01,0.4,-0.36,0.51,0.07,-0.6,0.21,3.24,-40.99,0.79,5.6,-1.28,1.22,0,0,1,15.3,11.89,12.68,0,0,0
P330R,B,-6.86,0.78,0.04,1.08,1.34,-0.3,-1.34,-0.55,-0.19,0.01,0.65,1.03,0.35,0.24,0.28,0.09,-0.32,30.4,40.22,0.22,1.79,-1.9,1.22,0,0,1,14.64,18.05,10.89,0,1,1
L341P,D,-6.98,0.84,0.25,2.94,2.48,-1.06,0.34,0.5,0.72,0.53,2.08,1.75,-0.9,-1.12,0.17,-0.62,-0.36,0.83,-38.97,0.48,3.02,-0.36,1.22,0,0,1,16.91,11.83,12.72,0,0,0
L341R,A,-5.98,0.89,0.24,1.67,0.14,-0.06,1.0,1.16,0.29,0.15,1.92,1.49,-0.7,-1.09,-0.55,-0.2,-0.06,0.83,1.25,0.48,4.12,-0.36,1.22,0,0,1,16.91,11.83,12.72,0,1,1
A357D,B,-3.28,0.75,0.23,1.54,0.95,-0.6,0.67,0.53,0.76,0.16,1.3,-0.46,1.51,-1.27,0.17,-0.83,-0.81,0.34,40.99,0.31,1.53,0.45,1.22,0,0,1,20.45,18.74,18.98,0,1,1
L361R,U,-4.59,0.81,0.26,2.14,0.14,-0.06,-0.35,1.41,1.15,0.45,2.25,4.5,0.38,-0.9,1.22,0.09,0.59,0.2,1.25,0.33,2.38,0.54,1.22,0,0,1,17.45,14.79,19.16,0,1,1
Y367C,A,-8.34,0.92,0.21,2.99,0.11,-0.0,-0.3,-0.27,-0.13,0.21,-0.38,-0.35,2.64,-0.06,-0.24,0.02,0.12,0.35,-106.56,0.81,5.22,-0.78,1.22,0,0,1,16.66,14.12,19.15,1,1,0
P371S,B,-0.77,0.55,-0.07,1.46,0.34,0.7,-0.25,-0.3,0.09,0.27,0.89,-0.26,-0.45,-0.1,-0.11,-0.32,0.13,16.41,-34.05,0.2,1.98,-2.0,1.22,0,0,1,22.77,20.11,9.17,0,1,0
R376H,D,-4.52,0.89,0.04,0.84,-0.28,0.65,0.2,-0.17,0.15,-0.08,0.19,-0.95,1.55,0.83,-0.0,0.39,-0.17,12.45,-7.39,0.71,3.79,-0.39,1.22,0,0,1,21.0,21.69,14.71,0,0,0
R376L,B,-6.4,0.88,0.2,0.26,0.04,-0.26,-0.57,-0.08,0.54,-0.19,0.17,-2.7,2.26,1.39,-0.06,0.22,0.72,12.45,-1.25,0.71,3.41,-0.39,1.22,0,0,1,21.0,21.69,14.71,0,1,1
S379P,B,-4.54,0.91,0.18,3.01,1.81,0.8,0.4,0.56,-0.39,0.11,-0.87,0.47,1.05,-0.6,0.8,-0.45,-0.14,0.3,34.05,0.59,6.41,0.44,1.22,0,0,1,13.44,10.87,19.96,0,1,0
M382I,A,-2.71,0.85,0.11,1.39,0.18,0.04,0.06,-0.08,-0.0,-0.13,0.38,-0.59,2.98,0.21,0.51,-0.24,-0.09,0.19,-1.2,0.5,3.42,-0.75,1.22,0,0,1,4.61,7.74,17.78,0,0,0
N383S,B,-4.44,0.83,0.2,1.19,0.09,-0.44,0.12,-0.3,0.03,-0.2,0.04,-0.79,1.17,0.61,-0.28,0.15,0.26,0.47,-39.06,0.55,2.75,-0.98,1.22,0,0,1,7.88,5.76,16.37,0,0,0
C385R,A,-10.07,0.85,0.26,2.96,0.1,-0.08,-0.34,1.01,-0.34,-0.31,-0.41,1.57,6.18,-1.65,-0.76,0.33,0.68,0.0,66.73,0.47,3.26,-0.44,1.22,0,0,1,0.0,9.71,14.43,0,1,1
N389H,A,-4.53,0.91,0.11,0.14,0.29,-0.02,-0.88,-0.17,0.12,-0.02,-0.37,-0.76,0.08,0.68,-0.22,0.13,-0.15,0.7,27.82,0.77,4.2,-0.09,1.22,0,0,1,8.91,9.56,11.7,0,1,1
N389T,A,-5.22,0.91,0.18,0.38,0.53,0.09,-0.53,-0.15,-0.1,0.01,-0.38,-1.81,0.7,0.82,-0.19,0.72,0.21,0.7,-5.01,0.77,5.08,-0.09,1.22,0,0,1,8.91,9.56,11.7,0,0,0
W391G,B,-11.96,0.8,0.24,4.6,0.0,0.52,-0.72,0.2,-0.58,-0.36,-0.46,0.82,1.86,-0.66,1.2,-0.45,-0.34,0.14,-166.7,0.45,1.9,1.44,1.22,0,0,1,15.49,14.67,11.95,1,1,0
W391R,D,-12.87,0.81,0.25,3.52,0.02,0.09,0.06,0.74,-0.3,0.33,-0.03,2.72,1.04,-0.95,1.28,0.07,0.32,0.14,-63.26,0.45,2.28,1.44,1.22,0,0,1,15.49,14.67,11.95,1,1,1
A413V,B,-3.68,0.88,0.13,0.24,1.18,-1.55,-1.28,-0.15,-0.09,-0.03,-0.33,0.19,-0.29,0.86,-0.35,-0.59,-0.2,0.0,52.26,0.67,3.73,-1.08,1.22,0,0,1,21.24,23.93,16.19,0,0,0
H421R,A,-6.8,0.9,0.11,1.43,0.49,-0.66,0.08,0.54,0.06,-0.1,-0.09,1.29,0.06,-0.04,-0.2,-0.18,0.99,0.76,7.39,0.49,4.53,0.82,1.22,0,0,1,19.83,17.86,11.8,0,0,0
H421Y,B,-4.72,0.77,0.23,-0.9,-0.41,-0.03,-0.27,-0.21,0.18,-0.36,-0.19,-1.6,-1.58,1.5,-1.04,0.19,0.11,0.76,47.22,0.49,-0.14,0.82,1.22,0,0,1,19.83,17.86,11.8,1,1,1
G424S,A,-5.32,0.8,0.21,1.51,-0.63,0.22,0.93,0.03,0.22,0.53,1.36,0.66,2.53,-0.56,-0.86,0.31,0.47,0.0,29.17,0.53,1.74,-0.28,1.22,0,0,1,9.46,6.71,21.99,0,1,0
H425R,B,-7.47,0.92,0.13,0.87,0.07,-0.28,-0.16,0.57,0.23,0.14,0.32,1.6,-1.5,-0.22,-0.45,0.21,0.75,0.22,7.39,0.87,6.32,-1.09,1.22,0,0,1,10.39,0.0,22.77,0,0,0
C431R,D,-10.11,0.86,0.26,2.67,0.15,0.33,-0.18,1.01,0.28,-0.05,-0.2,3.76,2.25,-1.14,-0.38,-0.32,0.08,0.0,66.73,0.42,3.29,-0.66,1.22,0,0,1,0.0,9.66,14.91,0,1,1
L432P,B,-5.7,0.83,0.12,0.79,-1.29,-0.45,-0.04,0.3,-0.12,-0.48,0.16,1.92,-0.92,-0.93,0.74,-0.76,-0.31,13.63,-38.97,0.34,2.5,-0.44,1.22,0,0,1,6.44,13.01,11.67,0,0,0
W435C,B,-11.71,0.79,0.18,3.22,0.5,-0.66,-0.34,-0.08,0.04,-0.05,-0.14,1.18,-0.1,-0.1,0.44,0.28,0.62,1.35,-129.98,0.45,1.55,-0.93,1.22,0,0,1,3.95,13.4,12.23,1,1,0
S436R,B,-3.83,0.77,0.18,0.81,-0.8,0.45,-0.51,0.43,0.03,0.08,0.14,1.32,0.18,0.03,0.86,0.59,0.3,0.0,74.27,0.39,1.54,-1.08,1.22,0,0,1,4.68,13.37,12.43,0,1,1
Y446C,A,-7.94,0.91,0.21,3.04,0.2,0.12,0.38,-0.32,-0.02,0.05,0.16,-0.62,1.2,-0.42,0.39,0.44,0.48,0.0,-106.56,0.55,4.78,-0.1,1.22,0,0,1,18.21,24.06,15.6,1,1,0
L450P,A,-4.53,0.84,0.23,2.55,1.0,-1.79,0.0,0.29,-0.5,0.23,-0.3,3.32,2.6,-0.81,0.2,-1.0,-0.45,8.07,-38.97,0.71,2.83,-0.9,1.22,0,0,1,15.18,18.43,19.02,0,0,0
A451D,B,-2.93,0.87,-0.0,0.32,0.43,-1.66,-0.68,0.26,-0.59,-0.13,-0.6,1.7,-1.59,-2.02,0.62,-0.01,-0.81,14.31,40.99,0.34,4.23,-0.46,1.22,0,0,1,20.81,21.34,13.51,0,1,1
A452V,B,-3.35,0.81,0.08,0.08,-0.92,1.15,-0.64,-0.25,0.07,-0.16,0.1,-1.0,-0.55,0.36,0.34,0.45,0.71,4.97,52.26,0.52,2.61,-0.11,1.22,0,0,1,18.18,17.27,15.05,0,0,0
G456D,B,-6.69,0.92,0.26,2.32,-0.23,0.05,0.04,0.59,0.05,-0.22,0.33,3.82,0.94,-1.97,-0.66,0.0,0.0,0.0,63.22,0.85,6.28,-1.18,1.22,0,0,1,12.21,5.16,22.42,0,1,1
F463S,A,-6.72,0.89,0.25,3.97,0.47,0.05,1.06,0.44,-0.29,0.33,0.59,2.02,1.5,-0.77,-0.2,-0.15,-0.55,1.88,-106.73,0.6,5.88,0.1,0.0,0,0,1,12.07,16.6,24.03,1,1,0
Y467S,A,-7.53,0.8,0.18,3.26,0.3,0.18,0.26,0.28,-0.43,0.19,-0.07,0.41,0.5,-0.37,-0.39,-1.06,0.19,3.26,-114.1,0.66,2.63,0.08,0.0,0,0,1,9.89,22.29,20.95,1,1,0
R474Q,D,-3.52,0.72,-0.37,0.41,0.11,-0.43,0.27,-0.01,0.1,-0.17,0.34,0.03,-0.25,0.04,0.16,-0.21,-0.17,33.36,-13.33,0.3,1.48,-1.09,0.0,0,0,1,18.48,28.44,21.66,0,1,1
R474W,D,-7.01,0.88,0.02,0.16,0.01,-0.05,-0.21,0.72,-0.03,0.05,-0.05,-0.4,-0.2,0.5,-0.06,0.15,-0.05,33.36,63.26,0.3,4.85,-1.09,0.0,0,0,1,18.48,28.44,21.66,1,1,1
P475L,A,-6.56,0.83,0.19,1.7,1.98,-0.56,0.68,-0.11,-0.2,-0.03,-0.03,-0.93,1.38,0.82,-0.5,-0.43,0.26,13.89,38.97,0.56,3.39,-0.95,0.0,0,0,1,14.25,25.05,24.14,0,0,0
F480L,B,-4.06,0.74,0.04,1.76,0.48,-0.64,-0.01,0.14,0.0,-0.0,-0.24,0.0,2.08,-0.29,-0.33,0.12,-0.62,1.85,-33.71,0.44,0.82,0.85,0.0,0,0,1,17.69,15.71,20.24,1,1,0
A482E,A,-2.85,0.85,0.26,1.77,-0.14,0.09,-0.01,1.2,-0.58,-0.37,0.25,1.61,-1.15,-2.24,-0.2,-0.38,0.14,0.32,67.88,0.42,5.0,-0.71,0.0,0,0,1,17.1,8.25,19.05,0,1,1
A485V,N,2.33,0.3,0.22,0.16,-0.12,-0.11,0.75,-0.22,-0.02,-0.19,-0.01,-2.24,-0.07,0.78,0.58,0.1,-0.03,0.38,52.26,0.42,-3.16,-1.25,0.0,0,0,1,13.86,7.49,15.19,0,0,0
T486A,B,-4.06,0.83,0.03,1.79,-0.32,0.66,-0.03,-0.29,0.27,-0.05,0.4,0.51,0.61,0.51,1.07,-0.3,0.9,0.0,-40.99,0.72,3.84,-0.8,0.0,0,0,1,8.85,4.78,15.98,0,1,0
Y488N,B,-7.42,0.78,0.08,2.15,0.16,0.17,-0.11,0.15,-0.11,0.01,0.15,2.31,-0.9,-1.05,1.52,-0.85,-0.08,23.22,-75.04,0.31,1.69,-0.0,0.0,0,0,1,7.87,6.45,19.63,1,1,0
G490S,B,-0.21,0.31,0.06,1.49,1.93,-0.26,-0.1,0.09,-0.21,-0.05,0.19,0.53,-0.51,-0.26,0.4,0.17,0.04,20.83,29.17,0.22,-0.08,-0.47,0.0,0,0,1,8.25,10.07,12.66,0,1,0
N492I,D,-8.03,0.89,0.25,-0.65,-0.17,-0.25,-0.37,-0.96,0.47,0.24,0.37,-2.12,-1.42,1.69,-0.38,0.48,0.26,2.61,26.62,0.68,6.48,-2.26,0.0,0,0,1,13.43,13.33,5.2,0,1,0
G494S,B,-3.95,0.72,0.09,0.49,-0.09,-0.37,-0.2,0.03,0.22,-0.15,0.76,1.47,-1.05,-0.27,-0.44,0.97,-0.2,0.72,29.17,0.42,0.19,-1.67,0.0,0,0,1,15.5,10.4,11.23,0,1,0
R496C,B,-7.49,0.89,0.26,0.31,-0.82,0.79,0.55,-0.97,0.21,-0.17,-0.7,-4.05,-0.02,1.33,0.96,0.71,-0.26,0.3,-66.73,0.7,5.01,0.28,0.0,0,0,1,20.41,12.06,17.89,0,1,1
R496H,A,-4.78,0.87,0.13,0.6,-0.49,0.66,0.72,-0.57,-0.23,0.06,-0.29,-1.43,-0.72,0.2,0.61,0.08,-0.42,0.3,-7.39,0.7,4.61,0.28,0.0,0,0,1,20.41,12.06,17.89,0,0,0
R496L,A,-6.65,0.83,0.24,0.24,-0.15,-0.37,0.62,-0.73,0.22,-0.55,-1.7,-2.45,1.79,0.83,0.6,-0.03,-0.48,0.3,-1.25,0.7,3.56,0.28,0.0,0,0,1,20.41,12.06,17.89,0,1,1
S505G,U,-1.51,0.47,-0.35,0.19,0.78,-0.28,0.2,0.13,0.58,0.1,0.76,-0.42,-0.03,-0.08,0.39,-0.2,0.17,98.53,-29.17,0.11,2.64,-3.09,0.0,0,0,1,34.24,33.72,9.36,0,1,0
G506R,N,-1.49,0.47,0.01,1.27,2.01,-0.17,-0.33,0.07,-0.45,0.2,1.08,0.06,0.38,0.19,-0.21,-0.16,-0.1,85.35,103.44,0.13,2.77,-2.88,0.0,0,0,1,31.58,31.66,10.53,0,1,1
S508F,D,-3.72,0.82,0.18,1.02,0.75,-0.2,0.33,-0.31,0.45,0.02,-0.58,-0.26,-0.06,0.96,0.26,-0.82,-0.06,9.33,106.73,0.42,3.92,-1.42,0.0,0,0,1,26.34,26.43,12.66,1,1,0
H514Q,B,-6.35,0.8,0.17,1.48,0.4,-0.4,0.11,0.27,-0.24,0.26,-0.11,1.31,-0.54,-1.13,-0.05,-0.39,-0.27,1.74,-5.94,0.26,2.5,-1.38,0.0,0,0,1,20.55,16.02,19.97,0,1,1
E515V,B,-5.78,0.77,0.25,-0.64,-1.73,1.35,0.17,-0.58,0.73,0.45,1.23,-3.14,-0.22,2.08,-0.4,1.57,-0.32,5.61,-15.63,0.28,0.89,-1.0,0.0,0,0,1,25.2,19.36,18.47,0,1,1
Y517C,A,-6.05,0.88,0.14,2.52,0.07,0.16,0.84,0.24,0.3,0.15,0.53,0.31,-0.21,0.71,-0.04,-0.25,0.0,11.72,-106.56,0.54,6.25,0.45,0.0,0,0,1,23.68,17.49,13.86,1,1,0
I518L,B,-1.38,0.49,0.02,1.34,0.78,-0.84,0.35,0.19,-0.13,-0.34,-0.26,0.54,-0.12,-0.03,0.25,-0.42,0.14,0.94,7.34,0.33,2.6,0.54,0.0,0,0,1,17.07,14.4,6.62,0,0,0
N520S,B,-4.3,0.79,-0.05,0.87,-0.29,0.03,0.18,0.02,0.14,-0.19,0.38,-0.66,0.73,-0.06,-0.53,0.68,0.16,23.6,-39.06,0.55,2.91,0.38,0.0,0,0,1,16.63,18.46,0.0,0,0,0
Q523H,B,-2.17,0.54,-0.19,0.46,0.61,-0.56,0.08,0.35,0.77,0.46,0.75,0.35,-0.0,0.2,0.06,-0.46,-0.13,57.81,5.94,0.3,0.47,-0.9,0.0,0,0,1,19.14,22.06,4.1,0,1,1
W533R,A,-13.09,0.89,0.22,3.02,0.64,-0.13,0.39,0.42,0.6,-0.06,0.2,2.37,1.08,-1.69,-1.1,-0.01,0.11,7.72,-63.26,0.76,6.44,-0.36,0.0,0,0,1,16.83,15.46,10.52,1,1,1
Y537H,A,-4.7,0.83,0.08,1.64,0.27,-0.34,0.14,0.3,-0.08,0.05,0.05,0.61,0.22,0.08,-0.6,0.05,0.15,5.83,-47.22,0.78,3.56,0.82,0.0,0,0,1,17.05,17.03,14.89,1,1,1
N547K,B,-2.23,0.58,-0.1,1.21,0.55,0.55,-0.17,-0.18,-0.43,0.1,0.37,0.79,-0.01,-0.64,0.74,-0.44,0.1,36.61,33.96,0.35,2.34,-2.84,0.0,0,0,1,23.19,27.1,21.51,0,1,1
L549P,B,-2.92,0.74,-0.02,1.59,0.92,-0.27,0.23,0.07,-0.37,-0.13,-0.61,1.04,0.31,-0.45,-0.78,0.1,0.04,18.86,-38.97,0.34,2.77,-1.52,0.0,0,0,1,22.28,25.64,19.73,0,0,0
D563Y,B,-5.77,0.88,-0.08,0.76,-0.15,1.48,-0.04,0.67,-0.65,-0.19,0.37,-0.08,0.37,0.47,0.21,0.89,0.42,45.0,80.05,0.37,5.01,-2.07,0.0,0,0,1,14.08,27.85,25.36,1,1,1
F570L,A,-4.45,0.79,0.09,1.44,-0.71,0.77,0.09,-0.08,-0.1,0.26,0.33,-0.08,1.44,-0.23,-0.63,0.74,0.24,1.75,-33.71,0.52,2.69,0.81,0.0,0,0,1,9.81,16.34,19.63,1,1,0
H575D,U,-3.79,0.72,0.07,2.05,-0.03,0.67,0.57,0.38,-0.27,0.26,-0.31,0.27,0.47,-1.18,0.36,0.35,0.24,10.96,-32.84,0.2,1.79,-0.52,0.0,0,0,1,8.27,11.6,14.36,0,1,1
K576N,U,-3.22,0.71,0.23,0.51,-1.1,0.7,0.76,-0.86,-0.11,-0.22,-0.0,-1.72,-0.16,0.63,-0.8,-0.21,0.08,0.0,-33.96,0.28,2.1,-2.22,0.0,0,0,1,14.24,8.4,11.16,0,1,1
G577S,A,-1.04,0.37,0.05,1.44,2.34,-0.65,-0.19,-0.12,-0.19,0.12,-0.02,0.08,-0.64,-0.16,0.63,0.43,-0.34,16.67,29.17,0.23,0.32,-2.69,0.0,0,0,1,13.9,14.79,7.9,0,1,0
Q596R,B,-0.38,0.42,0.14,0.37,0.05,-0.23,-0.16,0.14,0.22,-0.09,0.25,-0.28,0.83,0.8,-1.07,-0.43,-0.37,0.0,13.33,0.3,2.4,-0.43,0.0,0,0,1,8.42,15.12,24.04,0,1,1
L597F,U,-1.33,0.43,0.04,0.91,0.13,-0.59,-0.4,-0.01,-0.01,0.06,0.11,0.57,1.09,0.04,0.11,0.23,0.27,0.0,33.71,0.32,1.52,-0.5,0.0,0,0,1,5.81,19.88,23.85,1,1,0
R600H,A,-2.78,0.65,0.2,0.37,-0.33,0.22,-0.4,-0.19,0.22,-0.24,0.22,-2.39,0.85,0.71,0.83,0.23,0.12,5.56,-7.39,0.22,1.16,-2.1,0.0,0,0,1,11.34,19.3,11.88,0,0,0
R600P,B,-4.2,0.82,0.19,3.2,3.17,0.56,0.07,0.29,-0.01,0.09,-0.4,-0.85,-0.63,0.31,1.18,-0.55,-0.02,5.56,-40.22,0.22,3.7,-2.1,0.0,0,0,1,11.34,19.3,11.88,0,1,1
S603G,U,-1.6,0.43,0.1,1.66,0.67,0.77,0.51,0.01,0.21,0.34,0.03,-0.97,-0.05,0.34,0.13,0.9,-0.24,8.73,-29.17,0.22,1.2,-3.11,0.0,0,0,1,8.8,18.76,14.13,0,1,0
R608C,U,-1.49,0.45,0.01,0.88,0.21,-0.11,0.26,1.0,0.58,-0.08,0.58,-1.49,-0.06,-0.17,0.04,-0.07,0.0,39.3,-66.73,0.08,1.7,-0.98,0.0,0,0,1,8.13,26.44,21.9,0,1,1
K93Q,U,-2.79,0.65,-0.2,0.04,-0.27,0.15,0.06,0.32,-0.09,-0.16,-0.41,-0.37,-0.9,0.69,0.87,0.15,0.22,30.8,-12.08,0.17,0.77,-0.49,0.0,1,0,0,4.56,35.78,13.85,0,1,1
N100S,N,-1.05,0.39,0.0,1.01,-0.06,0.23,0.47,-0.08,-0.4,0.18,0.37,-1.03,-0.21,0.32,-0.03,0.49,-0.06,18.04,-39.06,0.15,0.31,0.12,0.0,1,0,0,12.39,29.13,17.3,0,0,0
N108S,U,-0.7,0.34,-0.12,0.55,-0.06,0.23,-0.89,0.16,-0.05,0.31,-0.45,-0.37,-0.21,-0.33,-0.06,-0.26,0.15,25.55,-39.06,0.18,-0.83,-1.41,0.0,1,0,0,19.83,31.22,21.57,0,0,0
R111C,U,-2.37,0.64,-0.22,0.58,0.89,-1.05,-0.34,1.37,0.12,0.24,1.42,-0.06,-0.15,0.23,0.0,-0.45,-0.12,59.93,-66.73,0.12,1.04,-1.1,0.0,1,0,0,17.98,32.16,24.41,0,1,1
R111H,N,-0.67,0.33,-0.25,0.4,0.65,-0.5,-0.38,0.27,0.05,0.34,0.43,1.1,-0.27,0.38,0.18,0.03,-0.09,59.93,-7.39,0.12,-0.53,-1.1,0.0,1,0,0,17.98,32.16,24.41,0,0,0
V112M,U,-1.49,0.46,-0.2,0.22,-0.91,1.15,0.11,-0.1,0.35,0.01,0.32,-0.67,0.52,-0.21,-0.49,0.35,-0.32,40.55,21.57,0.21,2.0,-0.82,0.0,1,0,0,13.17,24.64,20.75,0,0,0
V115M,N,-0.17,0.33,-0.36,0.07,-0.91,1.15,0.16,-0.18,0.1,-0.64,0.9,-0.1,0.19,0.2,-0.14,0.91,0.34,50.34,21.57,0.1,1.71,-0.88,0.0,1,0,0,10.89,27.82,26.76,0,0,0
L119P,D,-3.86,0.86,-0.1,1.63,2.48,-1.06,0.39,-0.41,0.2,-0.29,-0.35,0.5,0.98,-0.28,0.09,-1.0,-0.33,47.51,-38.97,0.16,4.83,1.3,0.0,1,0,0,7.76,25.81,29.45,0,0,0
I125T,U,-3.88,0.74,-0.34,0.23,0.03,-0.22,-0.12,-1.1,0.28,-0.44,0.53,0.01,0.51,-0.1,0.07,-0.28,-0.0,69.6,-31.63,0.21,1.96,-0.22,0.0,1,0,0,4.55,18.9,28.4,0,1,0
V130M,D,-2.59,0.81,-0.03,0.79,-0.91,1.15,0.57,0.01,-0.16,-0.62,0.25,-0.22,0.52,-0.2,0.19,0.78,-0.36,4.28,21.57,0.41,4.1,-0.89,0.0,1,0,0,6.08,17.04,25.02,0,0,0
D141Y,U,-5.1,0.76,0.18,-0.19,0.06,-0.53,-0.31,-0.19,-0.36,-0.17,0.29,-1.87,0.27,1.25,-1.04,-0.61,1.0,16.3,80.05,0.23,1.85,-1.42,0.0,1,0,0,17.89,15.85,9.74,1,1,1
R148C,D,-4.76,0.84,0.0,1.15,0.65,-0.84,0.61,0.95,0.41,0.27,0.34,-0.27,-0.14,0.04,0.15,-0.88,0.19,35.06,-66.73,0.16,3.85,0.16,0.0,1,0,0,17.1,22.4,10.87,0,1,1
N175Y,U,-4.84,0.78,-0.42,0.36,-0.67,-0.59,0.38,1.25,-0.02,0.0,1.44,-0.44,1.57,0.12,-0.02,-0.5,-0.28,74.49,75.04,0.17,2.53,-1.69,0.0,0,1,0,14.91,24.54,0.0,1,1,0
S177F,U,-2.93,0.74,-0.11,0.38,-0.32,-0.34,0.86,1.13,0.15,0.75,1.4,0.24,0.48,0.35,-0.41,-0.37,0.53,58.7,106.73,0.14,3.11,-1.4,0.0,0,1,0,18.76,27.52,9.14,1,1,0
P182L,U,-7.34,0.76,-0.32,-0.08,2.21,-1.53,0.18,1.35,-0.02,0.3,-1.2,0.47,-0.87,0.17,0.19,-0.16,0.33,73.96,38.97,0.23,1.75,-1.85,0.0,0,1,0,28.14,35.23,20.04,0,0,0
P185T,U,-4.17,0.72,-0.33,-0.0,1.5,-0.37,-0.38,0.41,-0.37,0.17,-0.98,-0.31,-0.2,0.22,-0.03,-0.07,0.18,73.06,0.0,0.14,0.88,-2.25,0.0,0,1,0,28.98,34.86,24.74,0,1,0
P185S,N,-4.37,0.73,-0.26,0.15,1.56,-0.24,-0.41,0.26,-0.29,0.16,-0.58,-0.47,-0.41,0.25,-0.02,-0.15,0.33,73.06,-34.05,0.14,1.19,-2.25,0.0,0,1,0,28.98,34.86,24.74,0,1,0
S190R,U,-1.23,0.39,-0.36,0.32,0.4,-0.88,-1.24,0.23,0.06,-0.04,0.37,0.57,-0.3,0.26,-0.42,-0.39,0.25,63.64,74.27,0.11,0.31,-3.4,0.0,0,1,0,30.99,32.43,16.89,0,1,1
L202F,U,-3.8,0.89,0.01,0.52,-0.45,0.76,0.3,-0.07,0.04,-0.21,0.09,-0.74,-0.28,0.31,-0.08,-0.23,-0.13,0.0,33.71,0.47,4.31,-0.26,1.22,0,0,1,24.0,14.15,18.16,1,1,0
T217M,U,-1.76,0.7,0.17,0.27,0.17,-0.69,-0.74,-0.36,-0.24,-0.08,0.12,-0.41,0.93,0.8,0.94,0.22,-0.3,4.08,32.84,0.36,2.52,-1.82,1.22,0,0,1,5.91,18.15,21.44,0,1,0
C226G,U,-10.98,0.91,0.23,2.85,0.8,-0.32,0.01,0.57,-0.38,-0.22,-0.81,1.81,-0.12,-1.4,0.23,-0.89,-0.46,0.0,-36.72,0.77,4.42,0.23,1.22,0,0,1,0.0,14.47,21.34,0,0,0
C227F,U,-10.09,0.91,0.18,1.19,0.16,0.0,-0.31,0.1,-0.16,-0.27,0.31,-0.42,1.65,-0.55,-0.41,-0.88,0.32,0.0,99.19,0.6,4.23,0.35,1.22,0,0,1,0.0,13.54,17.11,1,1,0
S231F,U,-3.58,0.75,0.24,0.46,0.32,0.28,-0.38,-0.13,-1.0,0.74,-0.25,-0.67,0.95,1.23,-1.01,-0.2,0.12,8.46,106.73,0.17,1.66,-2.84,1.22,0,0,1,3.89,16.26,23.29,1,1,0
R238Q,N,0.24,0.42,-0.44,0.33,0.05,-0.14,-0.09,-0.02,0.16,-0.54,-0.27,0.66,-0.14,0.1,0.17,-0.8,0.31,41.76,-13.33,0.15,0.05,-3.76,1.22,0,0,1,10.65,23.29,20.93,0,1,1
Y243H,N,-0.69,0.52,-0.1,0.18,-0.22,0.19,-0.08,-0.38,-0.04,-0.0,-0.07,0.46,-0.32,0.46,-0.45,0.05,-0.19,44.76,-47.22,0.28,1.84,-2.47,1.22,0,0,1,12.25,19.83,16.0,1,1,1
Y243S,U,-1.64,0.66,-0.06,0.36,-0.55,0.12,0.05,-0.3,-0.04,0.19,0.32,0.28,-1.05,0.59,-0.1,-0.38,0.04,44.76,-114.1,0.28,1.81,-2.47,1.22,0,0,1,12.25,19.83,16.0,1,1,0
T256P,U,-5.09,0.82,0.21,2.2,1.39,-0.09,0.16,0.32,-0.0,0.02,0.63,1.47,0.41,-0.44,0.16,0.05,0.12,0.0,0.0,0.47,2.77,-0.56,1.22,0,0,1,11.43,12.84,12.99,0,1,0
G268S,U,-0.31,0.43,-0.24,0.52,0.17,-0.61,-0.08,-0.08,-0.46,0.56,0.33,-0.18,0.2,-0.43,-0.53,-0.42,-0.34,21.69,29.17,0.24,-0.15,-3.09,1.22,0,0,1,29.5,21.41,16.83,0,1,0
Y274H,U,-3.03,0.87,0.2,2.81,0.33,0.02,-0.02,0.16,-0.45,0.12,-0.02,2.02,0.49,-1.15,-0.3,0.15,-0.04,0.35,-47.22,0.37,4.32,0.0,1.22,0,0,1,19.12,14.36,13.64,1,1,1
G277E,U,-7.46,0.92,0.26,3.32,2.75,-0.8,-0.34,0.79,0.23,0.33,-0.16,3.58,0.31,-2.8,-0.41,-0.88,-0.05,1.76,90.12,0.82,7.0,-1.83,1.22,0,0,1,14.02,4.7,23.47,0,1,1
Q290K,D,-1.24,0.57,-0.23,0.04,0.19,-0.2,-0.13,-0.06,0.02,0.38,0.03,0.34,-0.09,0.08,-0.32,-0.04,-0.19,77.43,12.08,0.29,-0.25,-1.7,1.22,0,0,1,23.63,19.49,14.52,0,1,1
R294W,D,-2.9,0.77,-0.01,0.54,0.39,-0.39,0.04,0.84,0.25,-0.28,1.39,0.14,-0.27,0.74,-0.54,-0.23,-0.09,30.25,63.26,0.16,2.58,-0.64,1.22,0,0,1,17.61,14.53,19.73,1,1,1
V299I,N,-0.35,0.45,-0.01,0.66,-0.32,0.35,0.2,-0.11,-0.02,-0.12,-0.19,-0.66,0.03,-0.08,-0.02,0.43,0.59,0.46,20.36,0.28,0.45,-0.13,1.22,0,0,1,17.47,10.39,23.34,0,0,0
V310M,U,-1.87,0.72,-0.15,0.78,0.06,-0.27,0.2,-0.03,-0.08,0.39,0.26,0.74,0.08,-0.16,-0.44,-0.3,0.25,19.69,21.57,0.29,2.63,-0.73,1.22,0,0,1,28.84,20.67,13.94,0,0,0
V316M,D,-0.99,0.57,-0.01,0.6,0.56,-0.39,0.06,0.08,0.09,0.21,-0.2,0.26,-1.97,0.19,-0.58,-0.46,0.01,0.8,21.57,0.42,1.12,-2.11,1.22,0,0,1,12.06,8.02,18.59,0,0,0
F327C,U,-7.79,0.91,0.13,2.02,-0.35,0.09,-0.14,-0.06,-0.03,0.34,0.31,-0.12,-0.2,-0.07,-0.74,-0.04,-0.53,0.0,-99.19,0.53,4.93,-1.26,1.22,0,0,1,10.87,7.41,15.49,1,1,0
P328A,U,-7.13,0.78,0.21,1.14,1.93,-1.45,-1.75,-0.91,0.53,-0.14,1.21,-0.29,1.06,0.61,0.46,0.36,-0.77,3.89,-40.99,0.45,0.5,-1.23,1.22,0,0,1,14.8,13.87,10.81,0,0,0
P329S,D,-6.86,0.81,0.17,1.4,1.21,-1.05,-1.38,-0.34,0.35,0.28,0.62,0.96,0.41,-0.08,0.03,-0.4,-0.17,0.94,-34.05,0.45,2.2,-1.54,1.22,0,0,1,12.04,15.35,7.72,0,1,0
P330L,D,-7.82,0.78,-0.01,0.69,1.72,-0.48,-1.2,0.34,0.52,-0.18,-0.64,-0.11,-0.09,0.85,-0.26,0.31,-0.09,30.4,38.97,0.22,1.73,-1.9,1.22,0,0,1,14.64,18.05,10.89,0,0,0
N335S,U,-1.79,0.63,-0.55,-0.32,-0.12,-0.52,0.36,0.24,-0.04,0.05,-0.53,-0.32,0.14,-0.1,0.02,-0.52,-0.03,80.76,-39.06,0.12,0.17,-3.29,1.22,0,0,1,25.3,21.66,0.0,0,0,0
R339C,D,-1.94,0.76,-0.16,0.14,0.4,-0.35,0.77,1.4,0.83,0.1,0.78,-2.53,0.19,0.05,-0.44,-0.67,-0.0,60.79,-66.73,0.19,3.93,-2.16,1.22,0,0,1,23.03,21.8,9.25,0,1,1
W340C,D,-12.95,0.91,0.15,3.32,0.47,-0.25,0.56,0.29,0.7,0.27,0.97,1.73,0.36,0.01,-0.2,0.12,0.11,15.6,-129.98,0.6,5.54,-1.13,1.22,0,0,1,20.09,14.78,8.41,1,1,0
A344V,U,-2.21,0.7,-0.26,1.08,1.18,-1.55,-0.19,0.01,0.71,0.21,1.5,0.23,0.24,0.04,-0.03,-0.58,-1.05,18.28,52.26,0.23,1.67,0.12,1.22,0,0,1,22.67,16.41,13.61,0,0,0
E350A,U,-1.19,0.57,-0.1,0.04,-0.1,0.1,-0.08,0.63,0.33,0.43,0.07,-1.3,0.57,0.08,-0.0,0.38,0.02,61.11,-67.88,0.25,0.45,-0.99,1.22,0,0,1,28.12,23.47,23.13,0,1,1
P351L,U,-2.89,0.77,-0.1,0.62,-0.65,1.66,0.65,0.3,0.23,0.37,-0.0,-0.04,0.19,0.17,0.1,0.11,-0.28,38.2,38.97,0.24,2.48,-0.97,1.22,0,0,1,27.67,21.39,21.75,0,0,0
R359H,N,1.02,0.42,-0.23,0.5,0.65,-0.5,0.31,0.24,0.63,0.49,0.91,0.38,0.42,0.25,0.13,-0.28,0.13,57.92,-7.39,0.16,-0.86,0.58,1.22,0,0,1,24.47,24.85,24.09,0,0,0
L377F,D,-2.69,0.75,0.14,0.69,-0.72,0.98,0.25,-0.16,0.02,-0.15,0.85,-1.06,1.7,0.16,0.39,0.79,0.0,0.0,33.71,0.46,0.57,0.27,1.22,0,0,1,17.8,15.32,13.86,1,1,0
L380F,D,-3.27,0.83,0.05,0.65,-0.6,0.52,-0.04,-0.13,-0.01,-0.21,0.57,0.46,0.51,0.07,-0.29,0.5,-0.22,0.0,33.71,0.62,2.86,0.1,1.22,0,0,1,8.7,11.78,17.72,1,1,0
R387C,U,-3.4,0.85,-0.12,0.2,-0.18,0.44,0.01,0.97,1.2,0.12,-1.09,-0.72,-1.34,0.14,0.7,-0.03,-0.08,48.54,-66.73,0.19,3.9,-1.04,1.22,0,0,1,6.97,10.72,16.95,0,1,1
R387H,U,-0.84,0.55,-0.34,-0.04,-0.28,0.67,0.33,0.24,0.43,-0.18,-0.45,-0.36,-0.74,0.27,0.8,0.14,0.32,48.54,-7.39,0.19,1.55,-1.04,1.22,0,0,1,6.97,10.72,16.95,0,0,0
T397A,U,-4.21,0.78,-0.41,0.31,0.37,-0.72,-0.99,0.39,-0.1,-0.46,0.18,-0.71,-0.57,0.21,0.0,0.18,0.01,40.45,-40.99,0.33,1.28,-2.15,1.22,0,0,1,12.97,21.48,4.88,0,1,0
H425L,U,-10.34,0.92,0.23,0.62,0.03,0.22,-0.31,-0.16,0.45,-0.25,0.37,-1.68,3.94,1.12,-0.72,-0.31,0.41,0.22,6.14,0.87,7.01,-1.09,1.22,0,0,1,10.39,0.0,22.77,0,1,1
P427L,D,-8.67,0.84,0.18,0.73,0.49,2.25,-0.13,-0.84,0.76,0.15,0.87,-1.19,0.69,1.28,0.21,0.38,-0.2,0.0,38.97,0.75,2.8,-2.22,1.22,0,0,1,7.38,5.95,21.52,0,0,0
C431W,D,-10.07,0.81,0.22,1.66,0.19,0.05,0.39,-0.02,0.11,0.18,-0.04,1.26,1.12,-0.4,-0.48,-0.06,0.58,0.0,129.98,0.42,2.25,-0.66,1.22,0,0,1,0.0,9.66,14.91,1,1,0
R441L,U,-3.8,0.74,-0.03,1.02,-0.14,0.06,0.64,0.53,0.57,0.11,1.89,-1.45,1.73,1.05,0.03,0.02,0.24,27.73,-1.25,0.29,0.12,1.42,1.22,0,0,1,14.64,23.98,6.11,0,1,1
A444G,U,-0.03,0.45,0.13,1.95,1.98,-1.57,-0.29,0.28,-0.58,-0.51,-1.29,1.84,-0.28,-0.56,-0.32,-1.24,-0.19,3.93,-22.23,0.29,0.52,1.21,1.22,0,0,1,15.83,23.39,13.93,0,0,0
E447Q,U,-2.51,0.73,0.05,-0.1,-0.08,-0.1,-0.63,-0.28,0.09,0.18,0.26,-1.0,-1.32,0.66,0.42,-0.22,0.23,11.38,0.0,0.35,0.03,-0.78,1.22,0,0,1,20.26,26.12,19.59,0,1,1
A452T,U,-3.01,0.81,0.09,0.76,-0.61,0.6,-0.2,0.21,-0.11,-0.46,0.7,0.69,1.0,-0.18,-0.29,0.44,0.35,4.97,40.99,0.52,2.58,-0.11,1.22,0,0,1,18.18,17.27,15.05,0,1,0
T458P,D,-5.14,0.91,-0.22,0.86,0.13,1.24,-0.32,-0.08,0.0,0.4,-0.25,0.52,-0.44,-0.2,-0.56,-0.25,0.13,20.39,0.0,0.55,5.42,-0.95,1.22,0,0,1,12.11,6.08,21.71,0,1,0
S484R,D,-4.51,0.88,0.1,1.39,0.46,0.46,0.54,0.35,0.38,0.09,-0.9,1.59,-1.93,-0.2,-0.26,-0.33,-0.08,0.0,74.27,0.59,6.3,-1.74,0.0,0,0,1,12.57,3.64,15.59,0,1,1
L491F,U,-2.93,0.69,0.04,0.63,-0.55,0.67,0.87,-0.09,0.12,-0.35,-0.07,0.45,-0.97,-0.01,-0.98,-0.07,-0.82,3.94,33.71,0.28,1.63,-1.42,0.0,0,0,1,11.5,7.26,12.41,1,1,0
Y498H,D,-4.73,0.88,0.22,2.77,0.41,0.03,0.24,0.14,-0.31,0.52,0.25,0.6,0.86,-0.99,0.32,0.07,0.73,0.0,-47.22,0.65,5.58,1.52,0.0,0,0,1,20.01,14.15,17.47,1,1,1
Y498N,A,-8.49,0.88,0.26,4.51,0.72,0.5,0.78,0.5,-0.35,0.46,0.52,0.75,3.29,-1.91,0.2,-0.18,0.49,0.0,-75.04,0.65,4.67,1.52,0.0,0,0,1,20.01,14.15,17.47,1,1,0
Y504C,U,-5.84,0.83,0.14,1.46,-0.01,0.4,-0.08,0.11,-0.06,0.08,-0.04,-1.93,0.63,-0.13,0.25,0.61,-0.34,28.1,-106.56,0.14,3.69,-2.93,0.0,0,0,1,32.51,30.78,7.66,1,1,0
V510M,N,0.81,0.3,0.02,0.92,-0.13,0.04,-0.58,-0.02,-0.11,-0.33,-0.1,0.86,1.07,-0.23,0.18,-0.36,0.52,7.74,21.57,0.16,0.37,-0.28,0.0,0,0,1,23.26,23.33,14.57,0,0,0
H514R,U,-6.55,0.79,0.06,1.12,0.21,-0.14,0.17,0.49,-0.09,0.11,-0.08,0.25,0.25,-0.09,-0.05,-0.11,0.02,1.74,7.39,0.26,2.36,-1.38,0.0,0,0,1,20.55,16.02,19.97,0,0,0
L519R,D,-4.25,0.87,0.23,1.95,0.11,0.2,0.52,0.81,-0.41,-0.27,0.08,2.71,-1.87,-1.02,-0.51,-0.33,0.57,0.79,1.25,0.3,4.62,0.64,0.0,0,0,1,14.57,16.15,7.28,0,1,1
N520K,U,-5.24,0.8,0.02,1.67,0.2,0.86,0.49,0.25,-0.1,-0.29,0.65,1.84,0.59,-0.72,0.11,0.26,0.08,23.6,33.96,0.55,2.57,0.38,0.0,0,0,1,16.63,18.46,0.0,0,1,1
G528A,U,-2.61,0.63,-0.14,0.76,3.02,-1.14,0.41,0.54,0.49,-0.15,-0.11,0.15,0.74,0.27,-0.38,-0.2,-0.04,99.11,22.23,0.07,0.9,-2.43,0.0,0,0,1,18.68,26.74,15.33,0,0,0
P531L,D,-7.3,0.78,0.1,0.63,1.79,-1.42,-0.1,-0.03,-0.82,0.48,0.35,-0.67,0.25,0.86,-0.82,0.27,-0.44,13.62,38.97,0.58,1.92,-1.82,0.0,0,0,1,16.63,19.84,11.26,0,0,0
R540Q,N,-2.28,0.67,-0.14,0.57,-0.12,-0.06,0.25,0.14,0.03,0.4,0.29,1.95,0.87,-0.11,-0.31,0.56,0.14,41.15,-13.33,0.34,2.54,-0.47,0.0,0,0,1,26.15,26.26,21.44,0,1,1
A552T,U,-0.08,0.32,-0.03,1.1,1.35,-1.35,-0.27,0.02,-0.15,0.04,-0.31,0.27,-0.08,-0.33,0.37,-0.79,-0.43,5.49,40.99,0.34,0.8,-1.53,0.0,0,0,1,18.68,24.67,24.8,0,1,0
L556P,A,-5.85,0.88,0.26,3.67,2.48,-1.06,-0.21,0.7,0.12,-0.24,0.63,3.62,1.09,-0.75,0.21,-0.2,-0.72,0.0,-38.97,0.42,5.74,1.06,0.0,0,0,1,14.96,21.95,23.99,0,0,0
V557I,N,0.13,0.31,-0.07,0.65,-0.32,0.35,-0.05,-0.11,-0.09,-0.21,-0.11,0.06,0.1,-0.02,-0.04,0.35,-0.53,0.0,20.36,0.23,0.07,1.57,0.0,0,0,1,8.98,20.9,27.72,0,0,0
V557L,U,-0.73,0.35,-0.11,0.77,-0.91,1.17,-0.04,-0.12,-0.26,-0.17,-0.01,0.26,-0.24,-0.23,0.01,0.11,-0.3,0.0,27.7,0.23,0.04,1.57,0.0,0,0,1,8.98,20.9,27.72,0,0,0
M564I,U,-1.32,0.4,-0.31,0.19,0.03,0.05,0.26,0.18,-0.19,-0.05,-0.73,-0.2,0.25,-0.21,0.02,0.03,0.07,37.08,-1.2,0.17,-0.41,-1.91,0.0,0,0,1,8.87,25.88,25.21,0,0,0
Q568P,U,-3.42,0.85,0.04,1.69,2.52,-1.19,-1.08,0.25,0.46,0.02,-0.17,2.47,-0.09,0.25,-0.65,-0.82,-0.03,43.29,-26.89,0.26,4.61,0.21,0.0,0,0,1,6.48,21.54,18.58,0,1,0
H575R,D,-2.97,0.65,0.01,1.47,0.0,0.57,0.34,0.15,-0.01,0.56,0.24,0.4,0.12,-0.89,0.66,-0.37,0.09,10.96,7.39,0.2,0.09,-0.52,0.0,0,0,1,8.27,11.6,14.36,0,0,0
T586M,N,-0.79,0.34,-0.19,0.32,-0.18,0.83,0.56,0.59,-0.22,0.34,0.51,-0.37,0.58,0.4,-0.24,0.58,0.08,52.65,32.84,0.13,1.58,-3.08,0.0,0,0,1,8.51,26.61,29.31,0,1,0
R589C,D,-4.96,0.78,0.21,1.22,0.89,-1.05,-0.3,-0.29,-0.61,0.43,-1.38,-0.92,-0.21,1.72,-0.21,-0.1,0.48,8.57,-66.73,0.26,1.99,-2.11,0.0,0,0,1,6.95,23.69,26.22,0,1,1
R589H,U,-2.83,0.72,0.08,1.02,0.65,-0.5,-0.14,-0.02,-0.2,0.4,-0.53,0.54,0.11,0.75,0.01,-0.63,0.19,8.57,-7.39,0.26,2.55,-2.11,0.0,0,0,1,6.95,23.69,26.22,0,0,0
A599T,U,-1.32,0.42,0.12,0.39,-1.0,0.66,-0.1,0.36,-0.16,-0.29,0.04,-0.62,-0.06,-0.36,0.29,0.13,-0.07,0.54,40.99,0.23,1.18,-1.03,0.0,0,0,1,9.99,14.88,17.55,0,1,0
R600C,U,-4.32,0.86,0.25,0.98,-0.47,0.58,0.02,-0.31,0.42,-0.08,0.27,-3.07,0.21,1.76,0.4,0.43,0.15,5.56,-66.73,0.22,4.8,-2.1,0.0,0,0,1,11.34,19.3,11.88,0,1,1
R608L,U,-2.27,0.53,-0.18,0.3,0.17,-0.17,0.81,0.98,0.07,-0.15,0.31,-0.88,0.3,-0.14,-0.0,0.07,0.0,39.3,-1.25,0.08,-1.75,-0.98,0.0,0,0,1,8.13,26.44,21.9,0,1,1
M611I,N,0.0,0.29,-0.42,-0.17,0.1,-0.06,-0.2,0.36,-0.29,-0.05,-0.5,0.03,0.09,0.23,-0.11,0.0,0.0,75.95,-1.2,0.11,-0.41,-1.4,0.0,0,0,1,5.67,23.05,27.46,0,0,0
I99V,N,-0.38,0.32,-0.25,0.54,0.32,-0.35,-0.37,-0.05,-0.04,-0.11,-0.03,0.5,0.58,-0.0,-0.21,0.11,-0.04,39.28,-20.36,0.2,0.25,0.55,0.0,1,0,0,10.2,31.07,21.62,0,0,0
G102R,U,-1.71,0.45,0.08,0.04,-1.28,0.19,0.78,-0.05,0.39,-0.16,-1.35,-1.74,2.4,-0.03,-0.47,0.77,-0.12,22.39,103.44,0.11,0.0,-0.23,0.0,1,0,0,16.3,31.66,21.47,0,1,1
G113S,N,-0.12,0.29,0.11,0.21,-1.07,1.29,0.2,0.19,0.11,-0.11,0.27,-0.97,0.54,0.09,0.02,2.03,-0.19,0.0,29.17,0.1,-0.82,-0.86,0.0,1,0,0,9.81,23.53,20.52,0,1,0
I134V,N,-0.02,0.3,-0.19,1.09,0.32,-0.35,0.33,-0.02,-0.06,0.21,0.36,0.39,-0.13,-0.19,0.78,0.16,0.13,25.12,-20.36,0.17,0.64,0.65,0.0,1,0,0,7.26,14.71,20.37,0,0,0
A156T,D,-1.1,0.41,0.08,1.12,1.24,-0.93,-0.19,-0.11,-0.16,-0.14,0.17,1.1,-0.87,-0.49,0.84,-1.09,-1.4,6.29,40.99,0.23,1.85,-1.5,0.0,1,0,0,4.98,29.16,16.59,0,1,0
S173P,N,0.99,0.28,-0.23,0.11,-1.41,0.65,0.28,-0.16,0.3,-0.05,0.06,0.29,0.34,0.27,0.54,-0.36,-0.26,75.82,34.05,0.11,-0.45,-1.19,0.0,0,1,0,14.94,23.9,6.23,0,1,0
L254P,U,-2.51,0.72,-0.34,1.07,0.07,-1.23,0.4,0.08,-0.66,0.07,-1.03,2.08,0.48,-1.01,0.31,-0.35,0.09,27.27,-38.97,0.27,0.99,-1.08,1.22,0,0,1,15.45,13.55,21.79,0,0,0
L264V,N,0.08,0.43,0.08,1.36,0.85,-0.76,0.25,0.45,-0.21,-0.19,-0.63,0.19,0.3,0.28,-0.87,0.49,-0.24,5.17,-27.7,0.43,0.02,-2.28,1.22,0,0,1,23.39,16.73,18.48,0,0,0
A267V,U,-1.13,0.55,0.13,0.45,0.54,-0.07,0.33,-0.12,0.06,0.05,-0.17,-0.85,-1.0,0.21,-0.78,0.52,-0.21,0.62,52.26,0.2,-0.67,-3.26,1.22,0,0,1,25.74,18.75,17.13,0,0,0
P280T,U,-7.46,0.77,0.03,0.49,0.37,-1.19,0.82,-0.53,0.34,-0.01,1.41,-0.41,-0.7,0.25,-0.18,0.83,0.57,3.33,0.0,0.34,0.41,-1.88,1.22,0,0,1,15.63,6.97,18.91,0,1,0
H286D,N,-0.33,0.44,-0.09,0.81,0.5,0.18,-0.5,-0.17,-0.07,-0.01,-0.04,0.23,0.13,-0.11,-0.46,0.2,-0.06,37.95,-32.84,0.24,-1.34,-0.05,1.22,0,0,1,12.71,14.79,20.38,0,1,1
T288N,D,-3.45,0.76,-0.29,0.27,0.13,-0.27,0.07,0.04,0.26,-0.04,0.05,0.21,0.91,-0.07,-0.24,0.2,-0.14,48.17,5.01,0.35,1.23,-0.55,1.22,0,0,1,19.09,17.19,13.22,0,0,0
A295V,N,0.67,0.44,0.15,1.52,1.18,-1.55,0.77,-0.19,0.24,0.02,0.19,-0.2,2.29,0.5,-0.35,-0.89,-0.25,3.72,52.26,0.22,0.54,-0.4,1.22,0,0,1,16.72,9.68,19.39,0,0,0
A301T,N,-0.63,0.47,-0.33,0.8,1.35,-1.35,-0.26,-0.2,0.37,0.0,0.0,0.96,-0.84,0.17,-0.53,-1.43,-0.89,48.56,40.99,0.2,0.4,0.05,1.22,0,0,1,24.37,18.17,25.64,0,1,0
V303M,N,-0.55,0.46,0.03,0.77,-0.91,1.15,0.57,0.07,-0.07,0.47,0.45,-0.31,-0.08,0.07,-0.01,-0.19,-0.48,0.75,21.57,0.37,-1.4,0.9,1.22,0,0,1,22.2,14.1,22.79,0,0,0
P311S,D,-6.73,0.86,-0.06,1.21,1.44,-0.52,0.25,0.25,-0.11,0.16,-0.45,-0.26,1.56,0.51,-0.59,0.25,-0.14,31.31,-34.05,0.49,3.33,-0.71,1.22,0,0,1,26.74,20.95,12.02,0,1,0
V316E,D,-4.93,0.85,0.26,3.32,0.83,-0.58,-0.12,1.43,-0.55,0.94,1.15,5.0,-0.5,-3.09,-0.89,-1.47,-0.38,0.8,15.63,0.42,3.34,-2.11,1.22,0,0,1,12.06,8.02,18.59,0,1,1
G334S,U,-2.51,0.72,-0.05,0.89,1.53,-0.01,0.31,0.0,0.01,0.07,-0.44,-0.06,0.76,-0.07,0.27,-0.05,0.07,61.19,29.17,0.13,1.61,-3.32,1.22,0,0,1,23.95,22.97,6.06,0,1,0
R339H,N,-0.39,0.46,-0.36,-0.07,0.16,-0.41,0.06,0.24,0.57,-0.06,0.24,-1.87,0.38,0.28,-0.54,-0.98,0.05,60.79,-7.39,0.19,1.16,-2.16,1.22,0,0,1,23.03,21.8,9.25,0,0,0
R339P,N,-1.29,0.6,-0.31,0.56,1.9,-0.93,0.19,0.1,0.2,-0.25,-0.73,-0.55,-0.46,-0.08,-0.61,-0.75,-0.0,60.79,-40.22,0.19,1.85,-2.16,1.22,0,0,1,23.03,21.8,9.25,0,1,1
E350D,N,-1.61,0.66,-0.14,0.35,0.12,0.09,-0.09,0.24,0.12,0.96,0.31,0.22,0.66,0.05,0.03,-0.24,-0.05,61.11,-26.89,0.25,1.68,-0.99,1.22,0,0,1,28.12,23.47,23.13,0,0,0
A357V,U,-1.02,0.6,0.09,0.73,1.18,-1.55,-0.3,-0.15,0.36,0.43,-0.5,0.09,0.11,0.56,-0.04,-0.87,0.05,0.34,52.26,0.31,1.61,0.45,1.22,0,0,1,20.45,18.74,18.98,0,0,0
R359C,D,-3.58,0.79,-0.15,0.82,0.89,-1.05,0.2,1.39,1.1,0.31,1.86,0.08,0.81,0.05,0.04,-0.41,0.37,57.92,-66.73,0.16,2.72,0.58,1.22,0,0,1,24.47,24.85,24.09,0,1,1
Y372F,N,-0.78,0.49,-0.0,1.05,0.03,0.11,0.05,-0.11,-0.39,0.3,0.28,-0.47,1.34,0.37,0.95,0.22,0.09,11.37,-7.37,0.2,0.35,-2.3,1.22,0,0,1,27.52,24.12,3.84,0,1,0
R376C,D,-7.33,0.91,0.24,1.14,-0.56,0.67,0.05,-0.17,0.56,-0.12,0.5,-3.09,1.97,1.67,0.22,0.74,0.33,12.45,-66.73,0.71,5.66,-0.39,1.22,0,0,1,21.0,21.69,14.71,0,1,1
S379F,D,-5.47,0.83,0.25,-1.26,-0.47,-0.05,0.08,-0.52,0.59,-0.23,-0.56,-2.97,-1.3,1.31,0.36,0.88,-0.25,0.3,106.73,0.59,2.7,0.44,1.22,0,0,1,13.44,10.87,19.96,1,1,0
V407G,U,-5.75,0.78,0.21,3.19,1.1,-0.63,0.42,0.34,0.23,0.25,0.09,1.69,-0.04,-0.88,-0.64,-1.71,0.12,1.94,-74.49,0.28,1.18,-0.14,1.22,0,0,1,15.52,22.61,12.12,0,0,0
P428A,D,-6.87,0.84,0.22,1.47,0.84,0.41,-0.48,-0.69,0.47,0.51,0.03,-0.17,0.13,0.68,0.68,0.37,-0.16,0.0,-40.99,0.51,3.13,-3.11,1.22,0,0,1,5.93,10.8,17.08,0,0,0
P428S,U,-6.7,0.81,0.02,1.56,0.6,0.77,-0.07,-0.4,0.3,-0.01,-0.02,-0.26,0.17,0.17,0.01,0.37,-0.34,0.0,-34.05,0.51,2.04,-3.11,1.22,0,0,1,5.93,10.8,17.08,0,1,0
W435R,D,-12.57,0.89,0.25,2.6,-0.39,0.39,-0.42,0.96,0.09,0.1,1.49,2.87,0.69,-0.82,0.52,0.05,-0.93,1.35,-63.26,0.45,3.83,-0.93,1.22,0,0,1,3.95,13.4,12.23,1,1,1
R441G,D,-3.56,0.79,0.12,2.03,1.87,-1.75,-0.24,0.56,0.3,0.26,-0.32,-1.29,1.15,0.71,-0.65,-2.68,-0.14,27.73,-103.44,0.29,2.33,1.42,1.22,0,0,1,14.64,23.98,6.11,0,1,1
R441Q,U,-1.03,0.56,-0.17,0.76,-0.19,0.19,-0.02,0.33,-0.01,0.02,-0.26,-0.1,1.49,-0.02,-0.12,0.24,-0.17,27.73,-13.33,0.29,-0.76,1.42,1.22,0,0,1,14.64,23.98,6.11,0,1,1
A444V,U,-1.76,0.65,0.12,1.19,1.11,-1.38,1.44,-0.21,-0.02,-0.36,1.06,0.18,-0.35,0.3,-0.31,-0.58,-0.38,3.93,52.26,0.29,0.81,1.21,1.22,0,0,1,15.83,23.39,13.93,0,0,0
N448S,N,-0.23,0.45,-0.09,1.02,-0.04,-0.47,-0.03,0.02,0.27,-0.09,0.42,-0.41,0.34,0.22,0.63,0.42,0.56,18.45,-39.06,0.29,-0.08,-0.99,1.22,0,0,1,23.77,28.35,21.03,0,0,0
T449P,D,-5.5,0.9,0.03,2.02,1.2,0.78,0.53,-0.01,0.14,0.03,0.23,1.42,-0.77,-0.35,-0.19,0.12,0.9,4.76,0.0,0.5,4.34,-0.74,1.22,0,0,1,20.97,24.41,17.65,0,1,0
A452S,D,-1.68,0.69,0.07,0.95,-0.38,-0.15,-0.1,0.33,-0.22,-0.08,0.66,0.77,1.48,-0.4,-0.12,0.07,0.21,4.97,6.94,0.52,2.39,-0.11,1.22,0,0,1,18.18,17.27,15.05,0,1,0
H459P,D,-9.4,0.91,0.22,3.47,3.72,0.08,-0.17,0.14,-0.09,-0.09,-0.09,2.02,-0.31,-0.3,1.4,0.86,-0.15,7.51,-32.84,0.84,6.79,-0.52,1.22,0,0,1,12.43,0.0,18.46,0,1,1
E470D,N,-1.82,0.46,-0.16,0.32,0.41,0.46,-0.19,0.27,0.16,-0.06,0.27,-0.16,0.2,0.09,0.02,0.05,0.0,77.01,-26.89,0.11,-0.13,-0.52,0.0,0,0,1,19.36,29.66,16.02,0,0,0
A482V,D,-3.15,0.75,0.11,0.59,-0.52,1.1,0.77,-0.22,-0.02,-0.3,-1.07,-1.03,-0.06,0.54,-0.09,0.47,-0.54,0.32,52.26,0.42,2.36,-0.71,0.0,0,0,1,17.1,8.25,19.05,0,0,0
G494C,D,-6.8,0.87,0.19,-0.86,-0.24,-0.53,-0.23,-0.59,0.81,-0.44,-0.01,-1.08,-0.18,1.33,-0.58,1.56,-0.22,0.72,36.72,0.42,4.49,-1.67,0.0,0,0,1,15.5,10.4,11.23,0,0,0
S505F,D,-2.98,0.65,-0.47,0.49,0.34,-0.36,0.39,1.19,0.26,-0.71,0.04,0.27,0.17,0.27,0.09,-0.29,0.0,98.53,106.73,0.11,1.95,-3.09,0.0,0,0,1,34.24,33.72,9.36,1,1,0
Y517F,N,-2.01,0.54,0.01,0.58,0.03,-0.02,0.08,0.24,0.35,0.18,0.03,-0.38,-0.26,0.67,-0.12,0.09,-0.6,11.72,-7.37,0.54,1.63,0.45,0.0,0,0,1,23.68,17.49,13.86,0,1,0
I518V,U,-0.31,0.34,-0.1,1.22,-0.19,0.33,0.02,0.01,-0.01,0.0,0.16,-0.27,0.3,-0.11,0.78,0.22,0.03,0.94,-20.36,0.33,1.39,0.54,0.0,0,0,1,17.07,14.4,6.62,0,0,0
N520D,D,-3.7,0.73,-0.18,0.55,-0.38,0.2,0.2,0.07,-0.11,-0.29,0.25,0.23,-0.18,-0.45,-0.61,-0.16,0.66,23.6,-5.01,0.55,0.37,0.38,0.0,0,0,1,16.63,18.46,0.0,0,1,1
T548A,N,0.19,0.28,0.17,1.4,0.71,-0.14,-0.64,-0.27,-0.32,-0.11,-0.07,-0.42,0.47,0.55,0.07,-0.13,-0.17,2.12,-40.99,0.46,-1.41,-2.42,0.0,0,0,1,21.75,21.36,19.71,0,1,0
H554Y,N,-2.08,0.54,0.0,0.08,-0.05,-0.2,-0.14,-0.05,0.09,0.23,0.88,-1.25,-1.12,0.34,-0.46,-0.27,0.08,19.98,47.22,0.29,2.1,-0.24,0.0,0,0,1,11.95,25.09,26.6,1,1,1
N555K,N,-0.27,0.31,-0.28,-0.07,-0.79,0.71,0.25,-0.1,-0.31,-0.1,0.02,-0.57,0.77,-0.04,0.06,0.78,0.23,48.24,33.96,0.18,0.23,0.44,0.0,0,0,1,16.34,27.73,30.38,0,1,1
R559H,U,-2.15,0.58,-0.25,0.25,0.54,-0.38,0.42,0.24,0.16,0.15,-0.27,-0.82,-0.11,0.26,0.05,-0.33,0.08,39.68,-7.39,0.23,2.63,0.35,0.0,0,0,1,17.43,26.93,26.74,0,0,0
D563N,N,-1.59,0.45,-0.29,0.07,-0.07,-0.03,0.19,0.11,-0.19,0.14,0.14,-0.22,0.35,0.27,0.16,0.06,0.09,45.0,5.01,0.37,0.37,-2.07,0.0,0,0,1,14.08,27.85,25.36,0,1,1
H575L,U,-3.16,0.66,-0.08,0.8,0.13,-0.42,0.59,0.12,0.52,-0.09,0.06,-1.18,-0.54,-0.02,0.48,-0.46,0.52,10.96,6.14,0.2,0.29,-0.52,0.0,0,0,1,8.27,11.6,14.36,0,1,1
P580S,N,-1.36,0.4,-0.36,0.7,1.16,-0.4,-0.41,0.32,-0.2,-0.24,-0.91,0.11,-0.65,-0.07,0.27,-0.83,0.36,45.89,-34.05,0.1,0.3,-3.01,0.0,0,0,1,7.61,14.5,15.35,0,1,0
S581L,N,-1.93,0.47,-0.04,0.15,0.18,0.29,-0.54,0.98,-0.09,-0.14,-0.97,0.21,-0.31,0.25,-0.04,0.27,-0.03,96.71,73.02,0.11,1.31,-3.22,0.0,0,0,1,11.56,19.82,16.07,0,1,0
L597I,U,-0.85,0.37,0.06,0.9,0.59,-0.18,-0.35,-0.13,0.1,-0.18,0.1,-0.39,0.53,0.12,-0.25,0.15,0.13,0.0,-7.34,0.32,0.42,-0.5,0.0,0,0,1,5.81,19.88,23.85,0,0,0
R608H,U,-0.78,0.34,-0.24,0.38,0.09,-0.04,-0.03,0.27,0.06,-0.16,0.13,-0.12,-0.12,-0.29,-0.08,-0.03,0.0,39.3,-7.39,0.08,0.1,-0.98,0.0,0,0,1,8.13,26.44,21.9,0,0,0
N383K,D,-5.33,0.83,0.25,2.61,0.85,-0.63,0.03,0.98,0.0,0.05,0.68,3.4,1.12,-0.82,0.39,-0.67,-0.07,0.47,33.96,0.55,2.72,-0.98,1.22,0,0,1,7.88,5.76,16.37,0,1,1
C594Y,D,-8.56,0.89,0.12,1.43,-0.28,0.36,0.65,-0.37,-0.46,-0.36,0.36,-0.04,3.15,0.19,0.57,-0.28,0.48,17.04,106.56,0.7,6.45,0.06,0.0,0,0,1,0.0,18.1,24.18,1,1,0
H211P,N,1.87,0.43,-0.55,-0.19,-0.86,-1.46,-1.34,0.1,-0.27,0.29,0.13,0.49,-0.0,-0.98,-0.29,-0.3,-0.09,44.82,-32.84,0.42,-2.81,-1.23,1.22,0,0,1,14.35,14.74,23.82,0,1,1
C221S,D,-9.07,0.86,-0.18,0.94,-0.33,0.74,0.15,-0.04,0.47,-0.27,1.02,0.52,-0.76,-0.68,-0.28,0.41,0.11,6.91,-7.54,0.6,3.34,-1.99,1.22,0,0,1,0.0,16.98,23.78,0,1,0
M382V,U,-2.47,0.82,0.13,1.79,0.23,0.09,-0.22,-0.08,-0.09,0.07,0.56,-0.16,2.87,0.16,0.97,0.39,-0.13,0.19,-21.57,0.5,3.01,-0.75,1.22,0,0,1,4.61,7.74,17.78,0,0,0
C385F,D,-9.15,0.77,0.2,1.01,0.13,-0.4,-0.24,0.07,-0.16,-0.19,-0.0,-0.19,3.08,-0.27,-1.53,0.65,-0.02,0.0,99.19,0.47,-0.07,-0.44,1.22,0,0,1,0.0,9.71,14.43,1,1,0
I442N,D,-6.59,0.91,0.25,3.67,0.42,0.08,-1.01,0.84,-0.45,-0.32,-2.45,2.62,5.62,-0.89,-0.05,-0.52,0.52,0.43,-26.62,0.59,5.22,1.78,1.22,0,0,1,12.06,19.49,11.09,0,1,0
R445K,D,-2.91,0.77,0.14,0.98,0.01,-0.04,0.01,0.79,-0.42,0.1,-0.2,0.93,-0.35,-0.82,-0.14,0.09,-0.35,7.88,-1.25,0.66,1.48,0.38,1.22,0,0,1,20.32,27.24,15.22,0,0,0
P475T,D,-4.99,0.8,0.05,1.75,1.55,-0.29,0.48,0.08,-0.15,0.09,-0.07,0.03,1.7,0.25,-0.52,0.28,0.02,13.89,0.0,0.56,2.9,-0.95,0.0,0,0,1,14.25,25.05,24.14,0,1,0
