Mutation,P(Neutral),P(NPDA),P(NPDB),Prediction
C89H,0.00,0.27,0.73,B
C92W,0.00,0.55,0.45,A
L103P,0.09,0.45,0.45,B
V130A,0.00,0.36,0.64,B
L137P,0.00,0.27,0.73,B
C157R,0.00,0.73,0.27,A
L161P,0.00,0.18,0.82,B
I176N,0.00,0.27,0.73,B
A196P,0.55,0.00,0.45,N
R200C,0.00,0.36,0.64,B
W209R,0.00,0.64,0.36,A
L225M,0.36,0.18,0.45,B
L225P,0.00,0.36,0.64,B
C226R,0.00,0.64,0.36,A
G232D,0.00,0.45,0.55,B
G242R,0.00,0.64,0.36,A
W244C,0.00,0.55,0.45,A
G245D,0.00,0.73,0.27,A
G245S,0.00,0.73,0.27,A
E246K,0.18,0.09,0.73,B
E246Q,0.27,0.18,0.55,B
S248R,0.55,0.27,0.18,N
D251H,0.00,0.55,0.45,A
P253S,0.00,0.73,0.27,A
T256I,0.00,0.45,0.55,B
P280F,0.00,0.36,0.64,B
A281T,0.09,0.09,0.82,B
R294Q,1.00,0.00,0.00,N
L302P,0.00,0.64,0.36,A
V312M,0.09,0.45,0.45,B
Y313H,0.00,0.82,0.18,A
G317R,0.00,0.45,0.55,B
H319Y,0.00,0.82,0.18,A
T322I,0.36,0.18,0.45,B
P323A,0.00,0.64,0.36,A
P330R,0.09,0.18,0.73,B
L341R,0.00,0.45,0.55,B
A357D,0.00,0.27,0.73,B
Y367C,0.00,0.82,0.18,A
P371S,0.55,0.09,0.36,N
R376L,0.00,0.45,0.55,B
S379P,0.00,0.64,0.36,A
M382I,0.00,0.55,0.45,A
N383S,0.00,0.64,0.36,A
C385R,0.00,0.82,0.18,A
N389H,0.00,0.55,0.45,A
N389T,0.00,0.64,0.36,A
W391G,0.00,0.73,0.27,A
A413V,0.09,0.45,0.45,B
H421R,0.00,0.45,0.55,B
H421Y,0.18,0.09,0.73,B
G424S,0.00,0.55,0.45,A
H425R,0.00,0.64,0.36,A
L432P,0.00,0.27,0.73,B
W435C,0.00,0.27,0.73,B
S436R,0.00,0.18,0.82,B
Y446C,0.00,0.82,0.18,A
L450P,0.00,0.82,0.18,A
A451D,0.00,0.27,0.73,B
A452V,0.18,0.36,0.45,B
G456D,0.00,0.73,0.27,A
F463S,0.00,0.91,0.09,A
Y467S,0.00,0.82,0.18,A
P475L,0.00,0.55,0.45,A
F480L,0.00,0.55,0.45,A
A482E,0.00,0.27,0.73,B
A485V,0.82,0.09,0.09,N
T486A,0.00,0.64,0.36,A
Y488N,0.00,0.18,0.82,B
G490S,0.55,0.18,0.27,N
G494S,0.09,0.09,0.82,B
R496C,0.00,0.55,0.45,A
R496H,0.00,0.55,0.45,A
R496L,0.00,0.55,0.45,A
G506R,0.73,0.00,0.27,N
H514Q,0.00,0.27,0.73,B
E515V,0.09,0.18,0.73,B
Y517C,0.00,0.55,0.45,A
I518L,0.36,0.18,0.45,B
N520S,0.09,0.27,0.64,B
Q523H,0.64,0.18,0.18,N
W533R,0.00,0.73,0.27,A
Y537H,0.00,0.64,0.36,A
N547K,0.73,0.00,0.27,N
L549P,0.27,0.09,0.64,B
D563Y,0.27,0.18,0.55,B
F570L,0.00,0.55,0.45,A
G577S,0.55,0.18,0.27,N
Q596R,0.82,0.09,0.09,N
R600H,0.36,0.09,0.55,B
R600P,0.00,0.45,0.55,B
N100S,0.91,0.09,0.00,N
R111H,1.00,0.00,0.00,N
V115M,1.00,0.00,0.00,N
P185S,0.91,0.00,0.09,N
R238Q,1.00,0.00,0.00,N
Y243H,0.91,0.09,0.00,N
V299I,0.82,0.00,0.18,N
R359H,1.00,0.00,0.00,N
Y498N,0.00,0.82,0.18,A
V510M,0.82,0.09,0.09,N
R540Q,0.73,0.00,0.27,N
L556P,0.00,0.82,0.18,A
V557I,0.91,0.00,0.09,N
T586M,1.00,0.00,0.00,N
M611I,1.00,0.00,0.00,N
I99V,1.00,0.00,0.00,N
G113S,0.91,0.00,0.09,N
I134V,0.82,0.09,0.09,N
S173P,0.91,0.00,0.09,N
L264V,0.82,0.09,0.09,N
H286D,0.91,0.00,0.09,N
A295V,0.82,0.00,0.18,N
A301T,0.91,0.00,0.09,N
V303M,1.00,0.00,0.00,N
R339H,0.82,0.00,0.18,N
R339P,0.82,0.00,0.18,N
E350D,0.82,0.00,0.18,N
Y372F,0.55,0.18,0.27,N
N448S,0.91,0.00,0.09,N
E470D,0.91,0.00,0.09,N
Y517F,0.55,0.00,0.45,N
T548A,1.00,0.00,0.00,N
H554Y,0.73,0.00,0.27,N
N555K,1.00,0.00,0.00,N
D563N,1.00,0.00,0.00,N
P580S,0.82,0.09,0.09,N
S581L,0.91,0.00,0.09,N
H211P,1.00,0.00,0.00,N
