MutName,Activity,Annotation,Wsd,Wsds,Wsad,Access,PoPMuSiC,SNPsss,Carbohyd,Disulfide,Metal,DEOGEN2,PROVEAN,EvolCI,EvolLOR,Aromatic
C89H,1.9,B,2.0195849999999997,2.125162,-0.262502,26.506,1.072868,-0.04,9.118223816210039,0.0,39.286386461311295,0.8794799999999999,-7.794,0.470773956421993,5.998936561946679,0
L103P,3.6,A,3.8391830000000002,1.109758,-0.696539,16.375999999999998,2.200602,0.16,20.046878243569502,15.2515613401547,26.889447212150003,0.759934,-2.845,0.11121726059062598,3.29583686600433,0
V130A,23.0,B,-0.125076,0.5538930000000001,-0.422671,4.281000000000001,1.608708,0.1,25.0170811661308,6.08045632192009,17.0383237146114,0.803004,-3.576,0.414972746934742,3.40535539181082,0
C131Y,0.3,A,0.077004,1.540835,-0.38943,0.26899999999999996,1.142376,0.17,26.2868122972338,0.0,21.1363703408958,0.8834280000000001,-10.128,0.521878399772338,6.045005314036009,1
L137P,1.0,B,3.217165,-0.9012950000000001,-1.352942,25.678,2.161336,0.16,14.2755014907533,12.8147559989451,14.774586030579698,0.777542,-4.172,0.195734223087357,2.88106936523385,0
L161P,11.0,B,1.3297940000000001,-0.7355550000000001,-1.026514,32.899,2.258579,-0.11,11.727019724763801,4.76050116190513,37.265378541952295,0.80357,-5.011,0.208831269822658,3.1863526331626404,0
G166R,0.0,D,0.32213600000000003,0.57798,-0.66869,12.83,0.8453370000000001,0.13,15.3133432441286,4.67294096367587,33.435920178566896,0.843944,-5.141,0.200835533852978,3.80666248977032,0
P184L,43.0,D,-0.376894,1.222488,0.48855,28.655,0.321421,-0.17,21.3552155971739,25.281822682883803,30.906569037624397,0.785695,-9.092,0.248566377205327,2.36427866199939,0
W209R,0.43,A,2.207369,1.496326,-1.489702,7.907,2.936827,0.22,23.2152556157045,13.9845768291357,10.694054730581199,0.8732989999999999,-7.443,0.26207996775751696,3.71357206670431,1
C221S,9.0,D,0.517588,-0.755754,-0.676742,6.912999999999999,0.936931,-0.18,23.7817418582513,0.0,16.9800020015802,0.862692,-9.074,0.6010834261795319,3.3420762586543598,0
L225P,2.5,B,1.538519,-2.277526,-1.725243,0.0,4.028107,0.25,21.641117080686897,5.99427710925179,8.73665478181821,0.812867,-6.355,0.284126478322456,2.1062527991304902,0
R228C,2.0,D,-2.568269,2.8122119999999997,1.176527,2.156,1.65212,0.26,24.004606327550803,7.5058136812536205,12.291101916930002,0.9059309999999999,-6.62,0.524007731916475,4.35884329921822,0
G242R,40.0,B,4.591574,0.036853,-0.487825,14.241,1.5438129999999999,0.2,12.891020249092,7.27494869397716,18.0468742199492,0.879553,-7.106,0.707773933042092,3.6571307557993595,0
W244C,2.5,B,-1.57586,0.852305,0.8275239999999999,13.751,2.868041,0.22,12.381030922443399,13.176769303968301,18.104882831381897,0.8814569999999999,-11.626,0.554018659576823,3.6007310673372297,1
G245S,6.0,A,1.403409,1.3115629999999998,-0.102305,0.0,2.804799,0.2,11.9085889408653,6.5044216114886,13.2231428120045,0.907439,-5.495,0.770313204289763,4.163337433709049,0
G245D,7.5,A,2.4614689999999997,1.220526,-1.576337,0.0,3.358304,0.26,11.9085889408653,6.5044216114886,13.2231428120045,0.916391,-6.415,0.770313204289763,6.802394763324309,0
E246Q,30.0,B,-1.132355,-0.39517800000000003,1.5489389999999998,19.766,0.0022170000000000002,0.07,12.330364336973199,5.777601182151639,16.180496228632098,0.655384,-1.489,0.39072544520413505,0.9509762898620451,0
S248R,2.0,A,2.054965,-0.730629,-0.848535,13.09,0.662358,0.01,16.0800485715218,4.56626198328567,13.471014831287901,0.43858100000000005,1.355,0.22454967191282998,0.313657558855042,0
D251H,0.0,A,-3.307403,1.085982,2.1398770000000003,0.0,-0.546107,0.26,18.9673122453473,6.92855123745217,4.7898493436294105,0.9155840000000001,-6.422000000000001,0.7773505084017209,5.2040066870768,0
D251E,2.5,D,0.564059,0.558496,-0.596382,0.0,1.050719,0.05,18.9673122453473,6.92855123745217,4.7898493436294105,0.904918,-3.67,0.7773505084017209,4.3285379497229,0
D278A,2.5,D,-2.626804,4.071191000000001,2.4350080000000003,1.0659999999999998,1.274209,0.26,23.194513365233604,13.8124936470574,0.0,0.916631,-7.459,0.8110367048598969,6.98100574072173,0
P280F,9.0,B,-2.079679,0.431187,0.9816809999999999,3.33,0.034651,0.25,18.908306756023602,15.630002489279699,6.965161374321059,0.8367629999999999,-10.255999999999998,0.34072094631263694,3.02390315052069,1
A281T,9.0,B,-0.457672,-1.3723290000000001,-0.239091,1.256,0.698565,0.1,22.3349625825185,9.34534832149129,5.93369829033016,0.709374,-2.056,0.37000076632698903,1.64362927718238,0
Q292K,1.0,D,1.313132,0.266196,-0.54583,3.299,1.2387290000000002,0.15,15.0216380827791,18.0973574891474,10.5826747535772,0.684668,-1.996,0.337058549845201,0.980829253011726,0
L302P,2.5,A,4.466865,1.5406540000000002,-0.826484,10.517000000000001,3.934293,0.25,22.3670583126727,19.626408767907602,15.245832949847902,0.8799809999999999,-4.387,0.320902693038182,3.69717825692863,0
V312M,22.0,B,0.404298,0.576542,-0.037008,1.3130000000000002,1.186267,0.04,17.8251282378806,22.980759883930897,15.3173756948894,0.834624,-2.319,0.5548047374329229,3.09104245335832,0
G317R,7.0,A,3.377649,-0.387361,-0.193306,0.0,1.781753,0.23,21.0449976775955,11.2535499399079,3.6049299703169,0.91335,-7.99,0.846141060572985,7.0148143512755405,0
T322P,10.0,U,0.552756,0.057231,-0.24846,7.808,1.9068029999999998,0.12,11.798947593987698,17.8840436414885,12.3489238139065,0.740768,-2.642,0.263865240941678,1.7404661748405001,0
P323A,5.0,B,0.39947699999999997,-0.361538,0.508939,3.242,2.606314,0.21,12.678160822133801,15.3013326166674,11.8940155527849,0.916274,-7.992000000000001,0.7935239422836341,5.5996557654473,0
L341R,3.0,A,1.4908,-0.6972659999999999,-1.090443,0.826,1.6695119999999999,0.24,12.717264087648699,16.907326448170302,11.8254136423425,0.894619,-5.985,0.47597436188312703,4.1174098351531,0
A357D,5.0,B,-0.458542,1.5144549999999999,-1.269617,0.336,1.540858,0.23,18.9801214662868,20.4462740187546,18.7410491146277,0.7540020000000001,-3.28,0.31075543022228697,1.5324768712979702,0
L361R,9.0,U,4.503538,0.376606,-0.9035489999999999,0.19699999999999998,2.144188,0.26,19.1554650328568,17.4458981317959,14.7920020159338,0.811866,-4.588,0.331379318791115,2.37748640116716,0
Y367C,2.0,A,-0.345993,2.637334,-0.058320000000000004,0.35200000000000004,2.985081,0.21,19.1457843377139,16.6616919280801,14.1171902772432,0.916013,-8.343,0.807946736741917,5.21764946348058,1
P371S,8.0,B,-0.257577,-0.44541499999999995,-0.101911,16.412,1.4603780000000002,-0.07,9.17417087897686,22.7746245832432,20.1067808503831,0.545249,-0.772,0.201106696744769,1.9832976811269298,0
R376H,41.0,D,-0.953382,1.550656,0.8321700000000001,12.454,0.840672,0.04,14.7098578640919,21.002380969030302,21.6863290421108,0.889524,-4.52,0.713925800896977,3.79289290904656,0
M382I,5.0,A,-0.589515,2.9757130000000003,0.20793499999999998,0.187,1.385943,0.11,17.7762932757367,4.60608376904937,7.74258121855295,0.852614,-2.7089999999999996,0.5047288527277379,3.41772668361337,0
N383S,2.5,B,-0.794087,1.172058,0.61047,0.469,1.193075,0.2,16.3674807717162,7.87671882035915,5.75689613094592,0.831303,-4.437,0.553333169540829,2.75493378700106,0
W391G,6.0,B,0.821183,1.8560259999999997,-0.655529,0.14300000000000002,4.596728,0.24,11.9533614256618,15.491680917834598,14.666899002430599,0.79916,-11.960999999999999,0.45498260378712996,1.9036773854320401,1
W391R,7.0,D,2.720923,1.0353780000000001,-0.9487110000000001,0.14300000000000002,3.524679,0.25,11.9533614256618,15.491680917834598,14.666899002430599,0.809212,-12.87,0.45498260378712996,2.28316700713694,1
H421Y,6.0,B,-1.6023450000000001,-1.582907,1.504071,0.755,-0.903567,0.23,11.8026865481456,19.8331128385278,17.857702440668103,0.7652260000000001,-4.717,0.486150440926147,-0.13623044959368802,1
G424S,7.0,A,0.65556,2.526409,-0.5563279999999999,0.0,1.5145549999999999,0.21,21.9854003616605,9.46260562688734,6.709891827361231,0.800516,-5.317,0.528573909383701,1.73769224795778,0
H425R,0.0,B,1.60143,-1.495036,-0.218387,0.22399999999999998,0.872976,0.13,22.771705017957895,10.391579515544699,0.0,0.9166989999999999,-7.4670000000000005,0.869182929932598,6.31806680679042,0
I442N,4.0,D,2.6248009999999997,5.622016,-0.8908739999999999,0.429,3.670829,0.25,11.0941720201419,12.0630844133041,19.4873446492561,0.909026,-6.5920000000000005,0.590397780327807,5.22395295125917,0
Y446C,2.5,A,-0.618985,1.197458,-0.420308,0.0,3.038916,0.21,15.596532357987499,18.2119270920529,24.0553007503365,0.906516,-7.937,0.54758663200414,4.77575648656363,1
F463S,4.0,A,2.019846,1.49938,-0.7675350000000001,1.882,3.9714620000000003,0.25,24.0316597338218,12.074069352653801,16.595030878304698,0.887065,-6.7170000000000005,0.5952928358529139,5.87633423985435,1
Y467S,2.0,A,0.40780500000000003,0.49801999999999996,-0.37294299999999997,3.258,3.2581759999999997,0.18,20.9468739403998,9.89318609574287,22.286095513944698,0.8017340000000001,-7.526,0.657993860425042,2.62908715729541,1
P475L,2.0,A,-0.9251729999999999,1.3837190000000001,0.822313,13.889000000000001,1.696734,0.19,24.1440119206042,14.2484362824058,25.0500410583585,0.830683,-6.561,0.559068099854773,3.39206489809888,0
A482E,2.0,A,1.606466,-1.1507459999999998,-2.2395009999999997,0.322,1.7700930000000001,0.26,19.045477693208397,17.1026493123142,8.252535553543531,0.846317,-2.853,0.420994838789809,5.00058495824275,0
A485V,97.0,N,-2.244926,-0.06641799999999999,0.77564,0.384,0.156697,0.22,15.192608188277,13.8649944915243,7.48775537544463,0.29751,2.331,0.422529226666303,-3.1630610457618,0
T486A,5.0,B,0.505758,0.608542,0.5106510000000001,0.0,1.7910169999999999,0.03,15.975091220158598,8.8484221427828,4.77687364542271,0.8268559999999999,-4.064,0.7219936367109351,3.84303013394119,0
R496L,3.0,A,-2.4475849999999997,1.7869509999999997,0.8346469999999999,0.301,0.24268800000000001,0.24,17.890039879086,20.407222301413,12.0606294942381,0.8345090000000001,-6.647,0.703316926633473,3.56371631115993,0
R496H,6.0,A,-1.432389,-0.723947,0.203699,0.301,0.601249,0.13,17.890039879086,20.407222301413,12.0606294942381,0.872052,-4.783,0.703316926633473,4.60517018598809,0
G506R,72.0,N,0.063996,0.377963,0.193082,85.34899999999999,1.270371,0.01,10.5263741086378,31.5769338679359,31.656321063081396,0.474174,-1.493,0.130451155768639,2.77258872223978,0
N520S,10.0,B,-0.661333,0.7348439999999999,-0.061413,23.6,0.86759,-0.05,0.0,16.629115003887,18.4627349995817,0.786447,-4.2989999999999995,0.554308494836964,2.90690105984738,0
N520D,10.0,D,0.225977,-0.181793,-0.44985299999999995,23.6,0.5530649999999999,-0.18,0.0,16.629115003887,18.4627349995817,0.733164,-3.699,0.554308494836964,0.36529906638283,0
Q523H,64.0,B,0.34646,-0.002281,0.203267,57.806000000000004,0.462275,-0.19,4.097765625618431,19.143620066748102,22.0648975698139,0.538084,-2.173,0.303827593662971,0.470003629245736,0
W533R,8.0,A,2.3685680000000002,1.0791,-1.6920080000000002,7.72,3.0179400000000003,0.22,10.5160652290912,16.834742182166,15.460606467810399,0.8890020000000001,-13.091,0.7603037666014529,6.436150368369429,1
Y537H,1.0,A,0.6107319999999999,0.218229,0.077907,5.834,1.643932,0.08,14.885595834354401,17.0458230706602,17.0269002182217,0.8261799999999999,-4.699,0.778086794839279,3.56433015780524,1
N547K,8.0,B,0.793531,-0.01196,-0.636203,36.608000000000004,1.208677,-0.1,21.5094977321066,23.186484437329,27.1037300823152,0.578457,-2.231,0.35229732176592404,2.33537491581704,0
L549P,10.0,B,1.040106,0.307379,-0.454533,18.863,1.59356,-0.02,19.7333054963556,22.2824889445165,25.638483232582,0.7371939999999999,-2.92,0.3434948244109461,2.77258872223978,0
D563Y,10.0,B,-0.079553,0.374675,0.46921999999999997,45.001000000000005,0.7622979999999999,-0.08,25.3645747512648,14.0794107520521,27.8455603339343,0.883483,-5.774,0.368934370532846,5.007296392830741,1
F570L,30.0,A,-0.076065,1.443754,-0.22568200000000002,1.754,1.43858,0.09,19.633474495252898,9.80924040465137,16.3398442933604,0.786149,-4.448,0.520811684666568,2.68732407058509,1
H575R,0.0,D,0.401489,0.11941199999999999,-0.887272,10.957,1.4652399999999999,0.01,14.3578107329909,8.271827850474711,11.5997143340544,0.6488970000000001,-2.9739999999999998,0.20402692255543303,0.0870113769896299,0
G577S,0.0,A,0.077164,-0.642894,-0.161276,16.673,1.440864,0.05,7.90033078816957,13.8967455632605,14.794202519256599,0.370579,-1.037,0.23160247185738697,0.321766089231518,0
R600H,13.0,A,-2.392764,0.8472219999999999,0.709604,5.565,0.371195,0.2,11.879305026277699,11.338385340000901,19.2978447007238,0.649497,-2.783,0.21934853118205103,1.1582043858703601,0
R600P,5.0,B,-0.8542629999999999,-0.626641,0.306267,5.565,3.1985189999999997,0.19,11.879305026277699,11.338385340000901,19.2978447007238,0.8244809999999999,-4.196000000000001,0.21934853118205103,3.69717825692863,0
